,name-USen
0,2021 celebratory arch
1,acoustic guitar
2,acoustic guitar
3,acoustic guitar
4,acoustic guitar
5,acoustic guitar
6,acoustic guitar
7,acoustic guitar
8,air circulator
9,air circulator
10,air circulator
11,air circulator
12,air circulator
13,alto saxophone
14,anatomical model
15,anchor statue
16,anchor statue
17,anchor statue
18,anchor statue
19,anchor statue
20,anchor statue
21,angled signpost
22,angled signpost
23,angled signpost
24,angled signpost
25,angled signpost
26,angled signpost
27,angled signpost
28,angled signpost
29,antique bed
30,antique bed
31,antique bed
32,antique bureau
33,antique bureau
34,antique bureau
35,antique chair
36,antique chair
37,antique chair
38,antique clock
39,antique clock
40,antique clock
41,antique console table
42,antique console table
43,antique console table
44,antique mini table
45,antique mini table
46,antique mini table
47,antique table
48,antique table
49,antique table
50,antique vanity
51,antique vanity
52,antique vanity
53,antique wardrobe
54,antique wardrobe
55,antique wardrobe
56,apple chair
57,apple chair
58,Aquarius urn
59,arcade combat game
60,arcade fighting game
61,arcade mahjong game
62,arcade seat
63,arcade seat
64,arcade seat
65,Aries rocking chair
66,artisanal bug cage
67,asteroid
68,astronaut suit
69,automatic washer
70,automatic washer
71,automatic washer
72,automatic washer
73,automatic washer
74,automatic washer
75,baby chair
76,baby chair
77,baby chair
78,baby chair
79,baby chair
80,baby chair
81,baby chair
82,baby chair
83,baby chair
84,baby chair
85,baby chair
86,baby chair
87,baby chair
88,baby chair
89,baby chair
90,baby chair
91,baby chair
92,baby chair
93,baby chair
94,baby chair
95,baby chair
96,baby chair
97,baby chair
98,baby chair
99,baby chair
100,baby chair
101,baby chair
102,baby chair
103,baby chair
104,baby chair
105,baby chair
106,baby chair
107,baby chair
108,baby chair
109,baby chair
110,bamboo basket
111,bamboo basket
112,bamboo basket
113,bamboo bench
114,bamboo bench
115,bamboo bench
116,bamboo doll
117,bamboo floor lamp
118,bamboo floor lamp
119,bamboo floor lamp
120,bamboo grass
121,bamboo noodle slide
122,bamboo partition
123,bamboo partition
124,bamboo partition
125,bamboo shelf
126,bamboo shelf
127,bamboo shelf
128,bamboo speaker
129,bamboo speaker
130,bamboo speaker
131,bamboo stool
132,bamboo stool
133,bamboo stool
134,bamboo stopblock
135,bamboo stopblock
136,bamboo stopblock
137,barbecue
138,barbecue
139,barbecue
140,barbecue
141,barbecue
142,barbell
143,barbell
144,barbell
145,barbell
146,barrel
147,basic teacher's desk
148,basic teacher's desk
149,basic teacher's desk
150,basketball hoop
151,basketball hoop
152,basketball hoop
153,bathroom sink
154,bathroom sink
155,bathroom sink
156,beach chair
157,beach chair
158,beach chair
159,beach chair
160,beach chair
161,beach chair
162,beach towel
163,beach towel
164,beach towel
165,beach towel
166,beach towel
167,beach towel
168,beach towel
169,beekeeper's hive
170,beekeeper's hive
171,beekeeper's hive
172,beekeeper's hive
173,beekeeper's hive
174,bidet
175,big festive tree
176,big festive tree
177,big festive tree
178,big festive tree
179,big festive tree
180,big festive tree
181,billiard table
182,billiard table
183,billiard table
184,birdbath
185,birdbath
186,birdbath
187,birdbath
188,birdcage
189,birdcage
190,birdcage
191,birdcage
192,birdcage
193,birdhouse
194,birdhouse
195,birdhouse
196,birdhouse
197,birdhouse
198,birdhouse
199,birthday sign
200,birthday sign
201,birthday sign
202,birthday sign
203,birthday sign
204,birthday sign
205,birthday table
206,birthday table
207,birthday table
208,birthday table
209,birthday table
210,birthday table
211,blossom-viewing lantern
212,blossom-viewing lantern
213,blue corner
214,blue corner
215,blue corner
216,blue corner
217,blue corner
218,bonfire
219,bonsai shelf
220,box corner sofa
221,box corner sofa
222,box corner sofa
223,box corner sofa
224,box corner sofa
225,box corner sofa
226,box corner sofa
227,box corner sofa
228,box sofa
229,box sofa
230,box sofa
231,box sofa
232,box sofa
233,box sofa
234,box sofa
235,box sofa
236,Brake Tapper
237,brick oven
238,brick oven
239,brick oven
240,brick oven
241,brick well
242,brick well
243,brick well
244,bunk bed
245,bunk bed
246,bunk bed
247,bunk bed
248,bunk bed
249,bunk bed
250,bunk bed
251,bunk bed
252,bunk bed
253,bunk bed
254,bunk bed
255,bunk bed
256,bunk bed
257,bunk bed
258,bunk bed
259,bunk bed
260,bunk bed
261,bunk bed
262,bunk bed
263,bunk bed
264,bunk bed
265,bunk bed
266,bunk bed
267,bunk bed
268,bunk bed
269,bunk bed
270,bunk bed
271,bunk bed
272,bunk bed
273,bunk bed
274,bunk bed
275,bunk bed
276,bunk bed
277,bunk bed
278,bunk bed
279,Bunny Day arch
280,Bunny Day bed
281,Bunny Day festive balloons
282,Bunny Day merry balloons
283,Bunny Day stool
284,Bunny Day table
285,Bunny Day vanity
286,Bunny Day wardrobe
287,butter churn
288,butter churn
289,cacao tree
290,campfire
291,campfire cookware
292,camping cot
293,camping cot
294,camping cot
295,camping cot
296,camping cot
297,camping cot
298,camping cot
299,camping cot
300,campsite sign
301,Cancer table
302,candy machine
303,candy machine
304,candy machine
305,candy machine
306,Capricorn ornament
307,cardboard bed
308,cardboard bed
309,cardboard chair
310,cardboard chair
311,cardboard sofa
312,cardboard sofa
313,cardboard table
314,cardboard table
315,cat tower
316,cat tower
317,cat tower
318,cat tower
319,cat tower
320,cat tower
321,cello
322,cello
323,cello
324,chalkboard
325,chalkboard
326,chalkboard
327,chalkboard
328,chalkboard
329,chalkboard
330,chalkboard
331,champion's pennant
332,champion's pennant
333,champion's pennant
334,champion's pennant
335,changing room
336,changing room
337,changing room
338,changing room
339,changing room
340,changing room
341,changing room
342,changing room
343,changing room
344,changing room
345,changing room
346,changing room
347,changing room
348,changing room
349,changing room
350,changing room
351,changing room
352,changing room
353,changing room
354,changing room
355,changing room
356,changing room
357,changing room
358,changing room
359,changing room
360,changing room
361,changing room
362,changing room
363,changing room
364,changing room
365,changing room
366,changing room
367,changing room
368,changing room
369,changing room
370,changing room
371,changing room
372,changing room
373,changing room
374,changing room
375,changing room
376,changing room
377,changing room
378,changing room
379,changing room
380,changing room
381,changing room
382,changing room
383,changing room
384,changing room
385,changing room
386,changing room
387,changing room
388,changing room
389,changing room
390,changing room
391,changing room
392,changing room
393,changing room
394,changing room
395,changing room
396,changing room
397,changing room
398,changing room
399,cherry-blossom branches
400,cherry-blossom pond stone
401,cherry-blossom-petal pile
402,clackercart
403,clackercart
404,clackercart
405,clackercart
406,clackercart
407,clackercart
408,claw-foot tub
409,claw-foot tub
410,claw-foot tub
411,claw-foot tub
412,claw-foot tub
413,claw-foot tub
414,clay furnace
415,climbing wall
416,climbing wall
417,climbing wall
418,climbing wall
419,clothes closet
420,clothes closet
421,clothes closet
422,clothes closet
423,clothes closet
424,clothes closet
425,clothesline
426,clothesline
427,clothesline
428,clothesline
429,clothesline
430,clothesline pole
431,clothesline pole
432,clothesline pole
433,clothesline pole
434,clothesline pole
435,clothesline pole
436,clothesline pole
437,clothesline pole
438,colorful wheel
439,colorful wheel
440,colorful wheel
441,colorful wheel
442,colorful wheel
443,cone
444,cone
445,cone
446,cone
447,cone
448,cone
449,cone
450,cone
451,construction sign
452,construction sign
453,construction sign
454,construction sign
455,construction sign
456,cosmos shower
457,cosmos shower
458,cosmos shower
459,cotton-candy stall
460,cotton-candy stall
461,cotton-candy stall
462,crescent-moon chair
463,crescent-moon chair
464,crescent-moon chair
465,crescent-moon chair
466,crescent-moon chair
467,crescent-moon chair
468,crescent-moon chair
469,crewed spaceship
470,cute bed
471,cute bed
472,cute bed
473,cute bed
474,cute bed
475,cute chair
476,cute chair
477,cute chair
478,cute chair
479,cute chair
480,cute DIY table
481,cute DIY table
482,cute DIY table
483,cute DIY table
484,cute DIY table
485,cute floor lamp
486,cute floor lamp
487,cute floor lamp
488,cute floor lamp
489,cute floor lamp
490,cute sofa
491,cute sofa
492,cute sofa
493,cute sofa
494,cute sofa
495,cute tea table
496,cute tea table
497,cute tea table
498,cute tea table
499,cute tea table
500,cute vanity
501,cute vanity
502,cute vanity
503,cute vanity
504,cute vanity
505,cute wardrobe
506,cute wardrobe
507,cute wardrobe
508,cute wardrobe
509,cute wardrobe
510,cypress bathtub
511,cypress bathtub
512,cypress bathtub
513,cypress plant
514,cypress plant
515,cypress plant
516,cypress plant
517,cypress plant
518,dartboard
519,deer scare
520,deer scare
521,deer scare
522,deluxe washer
523,deluxe washer
524,deluxe washer
525,deluxe washer
526,deluxe washer
527,deluxe washer
528,den chair
529,den chair
530,den chair
531,den chair
532,den chair
533,den chair
534,den desk
535,den desk
536,den desk
537,den desk
538,den desk
539,destinations signpost
540,destinations signpost
541,destinations signpost
542,destinations signpost
543,destinations signpost
544,destinations signpost
545,digital scale
546,digital scale
547,digital scale
548,digital scale
549,digital scale
550,digital scale
551,digital scale
552,digital scale
553,digital scale
554,digital scale
555,digital scale
556,digital scale
557,digital scale
558,digital scale
559,digital scale
560,digital scale
561,digital scale
562,digital scale
563,digital scale
564,digital scale
565,digital scale
566,digital scale
567,digital scale
568,digital scale
569,digital scale
570,digital scale
571,digital scale
572,digital scale
573,digital scale
574,digital scale
575,digital scale
576,digital scale
577,digital scale
578,digital scale
579,digital scale
580,diner chair
581,diner chair
582,diner chair
583,diner chair
584,diner chair
585,diner chair
586,diner chair
587,diner counter chair
588,diner counter chair
589,diner counter chair
590,diner counter chair
591,diner counter chair
592,diner counter chair
593,diner counter chair
594,diner counter table
595,diner counter table
596,diner counter table
597,diner counter table
598,diner counter table
599,diner counter table
600,diner counter table
601,diner dining table
602,diner dining table
603,diner dining table
604,diner dining table
605,diner dining table
606,diner dining table
607,diner dining table
608,diner mini table
609,diner mini table
610,diner mini table
611,diner mini table
612,diner mini table
613,diner mini table
614,diner mini table
615,diner neon sign
616,diner neon sign
617,diner neon sign
618,diner neon sign
619,diner neon sign
620,diner sofa
621,diner sofa
622,diner sofa
623,diner sofa
624,diner sofa
625,diner sofa
626,diner sofa
627,director's chair
628,director's chair
629,director's chair
630,director's chair
631,director's chair
632,director's chair
633,director's chair
634,director's chair
635,director's chair
636,director's chair
637,director's chair
638,director's chair
639,DIY workbench
640,DIY workbench
641,DIY workbench
642,DIY workbench
643,DIY workbench
644,DIY workbench
645,DIY workbench
646,DIY workbench
647,DJ's turntable
648,DJ's turntable
649,DJ's turntable
650,DJ's turntable
651,DJ's turntable
652,DJ's turntable
653,DJ's turntable
654,DJ's turntable
655,DJ's turntable
656,DJ's turntable
657,DJ's turntable
658,DJ's turntable
659,DJ's turntable
660,DJ's turntable
661,DJ's turntable
662,DJ's turntable
663,DJ's turntable
664,DJ's turntable
665,DJ's turntable
666,DJ's turntable
667,DJ's turntable
668,DJ's turntable
669,DJ's turntable
670,DJ's turntable
671,DJ's turntable
672,DJ's turntable
673,DJ's turntable
674,DJ's turntable
675,DJ's turntable
676,DJ's turntable
677,DJ's turntable
678,DJ's turntable
679,doghouse
680,doghouse
681,doghouse
682,doghouse
683,doghouse
684,double sofa
685,double sofa
686,double sofa
687,double sofa
688,double sofa
689,double sofa
690,double sofa
691,double sofa
692,double-door refrigerator
693,double-door refrigerator
694,double-door refrigerator
695,double-door refrigerator
696,drink machine
697,drink machine
698,drink machine
699,drink machine
700,drink machine
701,drink machine
702,drink machine
703,drink machine
704,drink machine
705,drink machine
706,drink machine
707,drink machine
708,drink machine
709,drink machine
710,drink machine
711,drink machine
712,drink machine
713,drink machine
714,drink machine
715,drink machine
716,drink machine
717,drink machine
718,drink machine
719,drink machine
720,drinking fountain
721,drinking fountain
722,drinking fountain
723,drinking fountain
724,drum set
725,drum set
726,drum set
727,drum set
728,drum set
729,drum set
730,drum set
731,drum set
732,drum set
733,drum set
734,drum set
735,drum set
736,drum set
737,drum set
738,drum set
739,drum set
740,drum set
741,drum set
742,drum set
743,drum set
744,drum set
745,drum set
746,drum set
747,drum set
748,drum set
749,drum set
750,drum set
751,drum set
752,drum set
753,drum set
754,drum set
755,drum set
756,drum set
757,drum set
758,drum set
759,drum set
760,drum set
761,drum set
762,drum set
763,drum set
764,drum set
765,drum set
766,drum set
767,drum set
768,drum set
769,drum set
770,drum set
771,drum set
772,drying rack
773,drying rack
774,drying rack
775,drying rack
776,effects rack
777,effects rack
778,effects rack
779,effects rack
780,effects rack
781,effects rack
782,effects rack
783,effects rack
784,effects rack
785,effects rack
786,effects rack
787,effects rack
788,effects rack
789,effects rack
790,effects rack
791,effects rack
792,effects rack
793,effects rack
794,effects rack
795,effects rack
796,effects rack
797,effects rack
798,effects rack
799,effects rack
800,effects rack
801,effects rack
802,effects rack
803,effects rack
804,effects rack
805,effects rack
806,effects rack
807,effects rack
808,effects rack
809,effects rack
810,effects rack
811,effects rack
812,effects rack
813,effects rack
814,effects rack
815,effects rack
816,effects rack
817,effects rack
818,effects rack
819,effects rack
820,effects rack
821,effects rack
822,effects rack
823,effects rack
824,elaborate kimono stand
825,elaborate kimono stand
826,elaborate kimono stand
827,elaborate kimono stand
828,elaborate kimono stand
829,electric bass
830,electric bass
831,electric bass
832,electric bass
833,electric bass
834,electric bass
835,electric bass
836,electric bass
837,electric guitar
838,electric guitar
839,electric guitar
840,electric guitar
841,electric guitar
842,electric guitar
843,electric guitar
844,electric guitar
845,electric guitar
846,electric guitar
847,electric guitar
848,electric guitar
849,electric guitar
850,electric guitar
851,electric guitar
852,electric guitar
853,electric guitar
854,electric guitar
855,electric guitar
856,electric guitar
857,electric guitar
858,electric guitar
859,electric guitar
860,electric guitar
861,electric guitar
862,electric guitar
863,electric guitar
864,electric guitar
865,electric guitar
866,electric guitar
867,electric guitar
868,electric guitar
869,electric guitar
870,electric guitar
871,electric guitar
872,electric guitar
873,electric guitar
874,electric guitar
875,electric guitar
876,electric guitar
877,electric guitar
878,electric guitar
879,electric guitar
880,electric guitar
881,electric guitar
882,electric guitar
883,electric guitar
884,electric guitar
885,electric guitar
886,electric guitar
887,electric guitar
888,electric guitar
889,electric guitar
890,electric guitar
891,electric guitar
892,electric guitar
893,electric kick scooter
894,electric kick scooter
895,electric kick scooter
896,electric kick scooter
897,electric kick scooter
898,electric kick scooter
899,elephant slide
900,elephant slide
901,elephant slide
902,elephant slide
903,elephant slide
904,elephant slide
905,elephant slide
906,elephant slide
907,exercise ball
908,exercise ball
909,exercise ball
910,exercise ball
911,exercise ball
912,exercise bike
913,exercise bike
914,exercise bike
915,exercise bike
916,fan
917,fan
918,fan
919,fan
920,fan palm
921,fan palm
922,fan palm
923,fan palm
924,fan palm
925,fan palm
926,Festivale balloon lamp
927,Festivale balloon lamp
928,Festivale balloon lamp
929,Festivale balloon lamp
930,Festivale balloon lamp
931,Festivale drum
932,Festivale drum
933,Festivale drum
934,Festivale drum
935,Festivale drum
936,Festivale flag
937,Festivale flag
938,Festivale flag
939,Festivale flag
940,Festivale flag
941,Festivale float
942,Festivale garland
943,Festivale garland
944,Festivale garland
945,Festivale garland
946,Festivale garland
947,Festivale parasol
948,Festivale parasol
949,Festivale parasol
950,Festivale parasol
951,Festivale parasol
952,Festivale stage
953,Festivale stage
954,Festivale stage
955,Festivale stage
956,Festivale stage
957,Festivale stall
958,Festivale stall
959,Festivale stall
960,Festivale stall
961,Festivale stall
962,festive tree
963,festive tree
964,festive tree
965,festive tree
966,festive tree
967,festive tree
968,fire pit
969,fireplace
970,fireplace
971,fireplace
972,fireplace
973,fish-drying rack
974,fish-drying rack
975,fish-drying rack
976,fishing-rod stand
977,fishing-rod stand
978,fishing-rod stand
979,flashy-flower sign
980,flashy-flower sign
981,flashy-flower sign
982,flat garden rock
983,floor lamp
984,floor lamp
985,floor lamp
986,floor lamp
987,floor lamp
988,floor lamp
989,floor lamp
990,floor lamp
991,floor lamp
992,floor lamp
993,floor lamp
994,floor lamp
995,floor lamp
996,floor lamp
997,floor lamp
998,floor lamp
999,floor lamp
1000,floor lamp
1001,floor lamp
1002,floor lamp
1003,floor lamp
1004,floor lamp
1005,floor lamp
1006,floor lamp
1007,floor lamp
1008,floor lamp
1009,floor lamp
1010,floor lamp
1011,floor lamp
1012,floor lamp
1013,floor lamp
1014,floor lamp
1015,floor light
1016,floor light
1017,floor light
1018,floor light
1019,floor light
1020,floor light
1021,floor light
1022,floor light
1023,floor seat
1024,floor seat
1025,floor seat
1026,floor seat
1027,floor seat
1028,floor seat
1029,floor seat
1030,floor seat
1031,floor seat
1032,floor seat
1033,floor seat
1034,floor seat
1035,floor seat
1036,floor seat
1037,floor seat
1038,floor seat
1039,flower stand
1040,flower stand
1041,flower stand
1042,flower stand
1043,flower stand
1044,flower stand
1045,flower stand
1046,flying saucer
1047,folding chair
1048,folding chair
1049,folding chair
1050,folding chair
1051,folding chair
1052,folding chair
1053,folding floor lamp
1054,folding floor lamp
1055,folding floor lamp
1056,folding floor lamp
1057,folding floor lamp
1058,folding floor lamp
1059,folding floor lamp
1060,folding floor lamp
1061,foosball table
1062,foosball table
1063,foosball table
1064,fortune-cookie cart
1065,fountain
1066,fountain
1067,fountain
1068,fountain
1069,freezer
1070,freezer
1071,freezer
1072,freezer
1073,fresh cooler
1074,frozen arch
1075,frozen arch
1076,frozen arch
1077,frozen arch
1078,frozen arch
1079,frozen arch
1080,frozen arch
1081,frozen bed
1082,frozen bed
1083,frozen bed
1084,frozen bed
1085,frozen bed
1086,frozen bed
1087,frozen bed
1088,frozen bed
1089,frozen bed
1090,frozen bed
1091,frozen bed
1092,frozen bed
1093,frozen bed
1094,frozen bed
1095,frozen bed
1096,frozen bed
1097,frozen bed
1098,frozen bed
1099,frozen bed
1100,frozen bed
1101,frozen bed
1102,frozen bed
1103,frozen bed
1104,frozen bed
1105,frozen bed
1106,frozen bed
1107,frozen bed
1108,frozen bed
1109,frozen chair
1110,frozen chair
1111,frozen chair
1112,frozen chair
1113,frozen chair
1114,frozen chair
1115,frozen chair
1116,frozen counter
1117,frozen counter
1118,frozen counter
1119,frozen counter
1120,frozen counter
1121,frozen counter
1122,frozen counter
1123,frozen partition
1124,frozen partition
1125,frozen partition
1126,frozen partition
1127,frozen partition
1128,frozen partition
1129,frozen partition
1130,frozen pillar
1131,frozen pillar
1132,frozen pillar
1133,frozen pillar
1134,frozen pillar
1135,frozen pillar
1136,frozen pillar
1137,frozen sculpture
1138,frozen sculpture
1139,frozen sculpture
1140,frozen sculpture
1141,frozen sculpture
