,image_uri
0,https://acnhapi.com/v1/images/furniture/Ftr2021Arch
1,https://acnhapi.com/v1/images/furniture/FtrAcorsticguitar_Remake_0_0
2,https://acnhapi.com/v1/images/furniture/FtrAcorsticguitar_Remake_1_0
3,https://acnhapi.com/v1/images/furniture/FtrAcorsticguitar_Remake_2_0
4,https://acnhapi.com/v1/images/furniture/FtrAcorsticguitar_Remake_3_0
5,https://acnhapi.com/v1/images/furniture/FtrAcorsticguitar_Remake_4_0
6,https://acnhapi.com/v1/images/furniture/FtrAcorsticguitar_Remake_5_0
7,https://acnhapi.com/v1/images/furniture/FtrAcorsticguitar_Remake_6_0
8,https://acnhapi.com/v1/images/furniture/FtrCirculator_Remake_0_0
9,https://acnhapi.com/v1/images/furniture/FtrCirculator_Remake_1_0
10,https://acnhapi.com/v1/images/furniture/FtrCirculator_Remake_2_0
11,https://acnhapi.com/v1/images/furniture/FtrCirculator_Remake_3_0
12,https://acnhapi.com/v1/images/furniture/FtrCirculator_Remake_4_0
13,https://acnhapi.com/v1/images/furniture/FtrAltosax
14,https://acnhapi.com/v1/images/furniture/FtrAnatomicalmodel
15,https://acnhapi.com/v1/images/furniture/FtrShipanchor_Remake_0_0
16,https://acnhapi.com/v1/images/furniture/FtrShipanchor_Remake_1_0
17,https://acnhapi.com/v1/images/furniture/FtrShipanchor_Remake_2_0
18,https://acnhapi.com/v1/images/furniture/FtrShipanchor_Remake_3_0
19,https://acnhapi.com/v1/images/furniture/FtrShipanchor_Remake_4_0
20,https://acnhapi.com/v1/images/furniture/FtrShipanchor_Remake_5_0
21,https://acnhapi.com/v1/images/furniture/FtrSignpostTilt_Remake_0_0
22,https://acnhapi.com/v1/images/furniture/FtrSignpostTilt_Remake_1_0
23,https://acnhapi.com/v1/images/furniture/FtrSignpostTilt_Remake_2_0
24,https://acnhapi.com/v1/images/furniture/FtrSignpostTilt_Remake_3_0
25,https://acnhapi.com/v1/images/furniture/FtrSignpostTilt_Remake_4_0
26,https://acnhapi.com/v1/images/furniture/FtrSignpostTilt_Remake_5_0
27,https://acnhapi.com/v1/images/furniture/FtrSignpostTilt_Remake_6_0
28,https://acnhapi.com/v1/images/furniture/FtrSignpostTilt_Remake_7_0
29,https://acnhapi.com/v1/images/furniture/FtrAntiqueBedW_Remake_0_0
30,https://acnhapi.com/v1/images/furniture/FtrAntiqueBedW_Remake_1_0
31,https://acnhapi.com/v1/images/furniture/FtrAntiqueBedW_Remake_2_0
32,https://acnhapi.com/v1/images/furniture/FtrAntiqueBureau_Remake_0_0
33,https://acnhapi.com/v1/images/furniture/FtrAntiqueBureau_Remake_1_0
34,https://acnhapi.com/v1/images/furniture/FtrAntiqueBureau_Remake_2_0
35,https://acnhapi.com/v1/images/furniture/FtrAntiqueChairS_Remake_0_0
36,https://acnhapi.com/v1/images/furniture/FtrAntiqueChairS_Remake_1_0
37,https://acnhapi.com/v1/images/furniture/FtrAntiqueChairS_Remake_2_0
38,https://acnhapi.com/v1/images/furniture/FtrAntiqueClock_Remake_0_0
39,https://acnhapi.com/v1/images/furniture/FtrAntiqueClock_Remake_1_0
40,https://acnhapi.com/v1/images/furniture/FtrAntiqueClock_Remake_2_0
41,https://acnhapi.com/v1/images/furniture/FtrAntiqueConsole_Remake_0_0
42,https://acnhapi.com/v1/images/furniture/FtrAntiqueConsole_Remake_1_0
43,https://acnhapi.com/v1/images/furniture/FtrAntiqueConsole_Remake_2_0
44,https://acnhapi.com/v1/images/furniture/FtrAntiqueTableS_Remake_0_0
45,https://acnhapi.com/v1/images/furniture/FtrAntiqueTableS_Remake_1_0
46,https://acnhapi.com/v1/images/furniture/FtrAntiqueTableS_Remake_2_0
47,https://acnhapi.com/v1/images/furniture/FtrAntiqueTableL_Remake_0_0
48,https://acnhapi.com/v1/images/furniture/FtrAntiqueTableL_Remake_1_0
49,https://acnhapi.com/v1/images/furniture/FtrAntiqueTableL_Remake_2_0
50,https://acnhapi.com/v1/images/furniture/FtrAntiqueDresser_Remake_0_0
51,https://acnhapi.com/v1/images/furniture/FtrAntiqueDresser_Remake_1_0
52,https://acnhapi.com/v1/images/furniture/FtrAntiqueDresser_Remake_2_0
53,https://acnhapi.com/v1/images/furniture/FtrAntiqueChest_Remake_0_0
54,https://acnhapi.com/v1/images/furniture/FtrAntiqueChest_Remake_1_0
55,https://acnhapi.com/v1/images/furniture/FtrAntiqueChest_Remake_2_0
56,https://acnhapi.com/v1/images/furniture/FtrFruitsChairApple_Remake_0_0
57,https://acnhapi.com/v1/images/furniture/FtrFruitsChairApple_Remake_1_0
58,https://acnhapi.com/v1/images/furniture/FtrZodiacAquarius
59,https://acnhapi.com/v1/images/furniture/FtrArcadegameShooting
60,https://acnhapi.com/v1/images/furniture/FtrArcadegameFight
61,https://acnhapi.com/v1/images/furniture/FtrArcadegameMahjong
62,https://acnhapi.com/v1/images/furniture/FtrGameChair_Remake_0_0
63,https://acnhapi.com/v1/images/furniture/FtrGameChair_Remake_1_0
64,https://acnhapi.com/v1/images/furniture/FtrGameChair_Remake_2_0
65,https://acnhapi.com/v1/images/furniture/FtrZodiacAries
66,https://acnhapi.com/v1/images/furniture/FtrEventobjInsectBox
67,https://acnhapi.com/v1/images/furniture/FtrMeteo
68,https://acnhapi.com/v1/images/furniture/FtrSpacesuit
69,https://acnhapi.com/v1/images/furniture/FtrWashingmachine_Remake_0_0
70,https://acnhapi.com/v1/images/furniture/FtrWashingmachine_Remake_1_0
71,https://acnhapi.com/v1/images/furniture/FtrWashingmachine_Remake_2_0
72,https://acnhapi.com/v1/images/furniture/FtrWashingmachine_Remake_3_0
73,https://acnhapi.com/v1/images/furniture/FtrWashingmachine_Remake_4_0
74,https://acnhapi.com/v1/images/furniture/FtrWashingmachine_Remake_5_0
75,https://acnhapi.com/v1/images/furniture/FtrBabychair_Remake_0_0
76,https://acnhapi.com/v1/images/furniture/FtrBabychair_Remake_0_1
77,https://acnhapi.com/v1/images/furniture/FtrBabychair_Remake_0_2
78,https://acnhapi.com/v1/images/furniture/FtrBabychair_Remake_0_3
79,https://acnhapi.com/v1/images/furniture/FtrBabychair_Remake_0_4
80,https://acnhapi.com/v1/images/furniture/FtrBabychair_Remake_1_0
81,https://acnhapi.com/v1/images/furniture/FtrBabychair_Remake_1_1
82,https://acnhapi.com/v1/images/furniture/FtrBabychair_Remake_1_2
83,https://acnhapi.com/v1/images/furniture/FtrBabychair_Remake_1_3
84,https://acnhapi.com/v1/images/furniture/FtrBabychair_Remake_1_4
85,https://acnhapi.com/v1/images/furniture/FtrBabychair_Remake_2_0
86,https://acnhapi.com/v1/images/furniture/FtrBabychair_Remake_2_1
87,https://acnhapi.com/v1/images/furniture/FtrBabychair_Remake_2_2
88,https://acnhapi.com/v1/images/furniture/FtrBabychair_Remake_2_3
89,https://acnhapi.com/v1/images/furniture/FtrBabychair_Remake_2_4
90,https://acnhapi.com/v1/images/furniture/FtrBabychair_Remake_3_0
91,https://acnhapi.com/v1/images/furniture/FtrBabychair_Remake_3_1
92,https://acnhapi.com/v1/images/furniture/FtrBabychair_Remake_3_2
93,https://acnhapi.com/v1/images/furniture/FtrBabychair_Remake_3_3
94,https://acnhapi.com/v1/images/furniture/FtrBabychair_Remake_3_4
95,https://acnhapi.com/v1/images/furniture/FtrBabychair_Remake_4_0
96,https://acnhapi.com/v1/images/furniture/FtrBabychair_Remake_4_1
97,https://acnhapi.com/v1/images/furniture/FtrBabychair_Remake_4_2
98,https://acnhapi.com/v1/images/furniture/FtrBabychair_Remake_4_3
99,https://acnhapi.com/v1/images/furniture/FtrBabychair_Remake_4_4
100,https://acnhapi.com/v1/images/furniture/FtrBabychair_Remake_5_0
101,https://acnhapi.com/v1/images/furniture/FtrBabychair_Remake_5_1
102,https://acnhapi.com/v1/images/furniture/FtrBabychair_Remake_5_2
103,https://acnhapi.com/v1/images/furniture/FtrBabychair_Remake_5_3
104,https://acnhapi.com/v1/images/furniture/FtrBabychair_Remake_5_4
105,https://acnhapi.com/v1/images/furniture/FtrBabychair_Remake_6_0
106,https://acnhapi.com/v1/images/furniture/FtrBabychair_Remake_6_1
107,https://acnhapi.com/v1/images/furniture/FtrBabychair_Remake_6_2
108,https://acnhapi.com/v1/images/furniture/FtrBabychair_Remake_6_3
109,https://acnhapi.com/v1/images/furniture/FtrBabychair_Remake_6_4
110,https://acnhapi.com/v1/images/furniture/FtrBambooBasket_Remake_0_0
111,https://acnhapi.com/v1/images/furniture/FtrBambooBasket_Remake_1_0
112,https://acnhapi.com/v1/images/furniture/FtrBambooBasket_Remake_2_0
113,https://acnhapi.com/v1/images/furniture/FtrBambooChairL_Remake_0_0
114,https://acnhapi.com/v1/images/furniture/FtrBambooChairL_Remake_1_0
115,https://acnhapi.com/v1/images/furniture/FtrBambooChairL_Remake_2_0
116,https://acnhapi.com/v1/images/furniture/FtrBambooSurprisedbox
117,https://acnhapi.com/v1/images/furniture/FtrBambooLamp_Remake_0_0
118,https://acnhapi.com/v1/images/furniture/FtrBambooLamp_Remake_1_0
119,https://acnhapi.com/v1/images/furniture/FtrBambooLamp_Remake_2_0
120,https://acnhapi.com/v1/images/furniture/FtrTanabata
121,https://acnhapi.com/v1/images/furniture/FtrBambooSomen
122,https://acnhapi.com/v1/images/furniture/FtrBambooScreen_Remake_0_0
123,https://acnhapi.com/v1/images/furniture/FtrBambooScreen_Remake_1_0
124,https://acnhapi.com/v1/images/furniture/FtrBambooScreen_Remake_2_0
125,https://acnhapi.com/v1/images/furniture/FtrBambooShelf_Remake_0_0
126,https://acnhapi.com/v1/images/furniture/FtrBambooShelf_Remake_1_0
127,https://acnhapi.com/v1/images/furniture/FtrBambooShelf_Remake_2_0
128,https://acnhapi.com/v1/images/furniture/FtrBambooMusic_Remake_0_0
129,https://acnhapi.com/v1/images/furniture/FtrBambooMusic_Remake_1_0
130,https://acnhapi.com/v1/images/furniture/FtrBambooMusic_Remake_2_0
131,https://acnhapi.com/v1/images/furniture/FtrBambooStool_Remake_0_0
132,https://acnhapi.com/v1/images/furniture/FtrBambooStool_Remake_1_0
133,https://acnhapi.com/v1/images/furniture/FtrBambooStool_Remake_2_0
134,https://acnhapi.com/v1/images/furniture/FtrBambooCarstop_Remake_0_0
135,https://acnhapi.com/v1/images/furniture/FtrBambooCarstop_Remake_1_0
136,https://acnhapi.com/v1/images/furniture/FtrBambooCarstop_Remake_2_0
137,https://acnhapi.com/v1/images/furniture/FtrBarbecuegrill_Remake_0_0
138,https://acnhapi.com/v1/images/furniture/FtrBarbecuegrill_Remake_1_0
139,https://acnhapi.com/v1/images/furniture/FtrBarbecuegrill_Remake_2_0
140,https://acnhapi.com/v1/images/furniture/FtrBarbecuegrill_Remake_3_0
141,https://acnhapi.com/v1/images/furniture/FtrBarbecuegrill_Remake_4_0
142,https://acnhapi.com/v1/images/furniture/FtrBarbell_Remake_0_0
143,https://acnhapi.com/v1/images/furniture/FtrBarbell_Remake_1_0
144,https://acnhapi.com/v1/images/furniture/FtrBarbell_Remake_2_0
145,https://acnhapi.com/v1/images/furniture/FtrBarbell_Remake_3_0
146,https://acnhapi.com/v1/images/furniture/FtrPirateBarrel
147,https://acnhapi.com/v1/images/furniture/FtrSchoolTeachertable_Remake_0_0
148,https://acnhapi.com/v1/images/furniture/FtrSchoolTeachertable_Remake_1_0
149,https://acnhapi.com/v1/images/furniture/FtrSchoolTeachertable_Remake_2_0
150,https://acnhapi.com/v1/images/furniture/FtrBasketgoal_Remake_0_0
151,https://acnhapi.com/v1/images/furniture/FtrBasketgoal_Remake_1_0
152,https://acnhapi.com/v1/images/furniture/FtrBasketgoal_Remake_2_0
153,https://acnhapi.com/v1/images/furniture/FtrWashstand_Remake_0_0
154,https://acnhapi.com/v1/images/furniture/FtrWashstand_Remake_1_0
155,https://acnhapi.com/v1/images/furniture/FtrWashstand_Remake_2_0
156,https://acnhapi.com/v1/images/furniture/FtrBeachbed_Remake_0_0
157,https://acnhapi.com/v1/images/furniture/FtrBeachbed_Remake_1_0
158,https://acnhapi.com/v1/images/furniture/FtrBeachbed_Remake_2_0
159,https://acnhapi.com/v1/images/furniture/FtrBeachbed_Remake_3_0
160,https://acnhapi.com/v1/images/furniture/FtrBeachbed_Remake_4_0
161,https://acnhapi.com/v1/images/furniture/FtrBeachbed_Remake_5_0
162,https://acnhapi.com/v1/images/furniture/FtrBeachtowel_Remake_0_0
163,https://acnhapi.com/v1/images/furniture/FtrBeachtowel_Remake_0_1
164,https://acnhapi.com/v1/images/furniture/FtrBeachtowel_Remake_0_2
165,https://acnhapi.com/v1/images/furniture/FtrBeachtowel_Remake_0_3
166,https://acnhapi.com/v1/images/furniture/FtrBeachtowel_Remake_0_4
167,https://acnhapi.com/v1/images/furniture/FtrBeachtowel_Remake_0_5
168,https://acnhapi.com/v1/images/furniture/FtrBeachtowel_Remake_0_6
169,https://acnhapi.com/v1/images/furniture/FtrBeekeepingbox_Remake_0_0
170,https://acnhapi.com/v1/images/furniture/FtrBeekeepingbox_Remake_1_0
171,https://acnhapi.com/v1/images/furniture/FtrBeekeepingbox_Remake_2_0
172,https://acnhapi.com/v1/images/furniture/FtrBeekeepingbox_Remake_3_0
173,https://acnhapi.com/v1/images/furniture/FtrBeekeepingbox_Remake_4_0
174,https://acnhapi.com/v1/images/furniture/FtrWCBidet
175,https://acnhapi.com/v1/images/furniture/FtrTreeXmasL_Remake_0_0
176,https://acnhapi.com/v1/images/furniture/FtrTreeXmasL_Remake_1_0
177,https://acnhapi.com/v1/images/furniture/FtrTreeXmasL_Remake_2_0
178,https://acnhapi.com/v1/images/furniture/FtrTreeXmasL_Remake_3_0
179,https://acnhapi.com/v1/images/furniture/FtrTreeXmasL_Remake_4_0
180,https://acnhapi.com/v1/images/furniture/FtrTreeXmasL_Remake_5_0
181,https://acnhapi.com/v1/images/furniture/FtrBilliard_Remake_0_0
182,https://acnhapi.com/v1/images/furniture/FtrBilliard_Remake_1_0
183,https://acnhapi.com/v1/images/furniture/FtrBilliard_Remake_2_0
184,https://acnhapi.com/v1/images/furniture/FtrBirdbus_Remake_0_0
185,https://acnhapi.com/v1/images/furniture/FtrBirdbus_Remake_1_0
186,https://acnhapi.com/v1/images/furniture/FtrBirdbus_Remake_2_0
187,https://acnhapi.com/v1/images/furniture/FtrBirdbus_Remake_3_0
188,https://acnhapi.com/v1/images/furniture/FtrBirdcage_Remake_0_0
189,https://acnhapi.com/v1/images/furniture/FtrBirdcage_Remake_1_0
190,https://acnhapi.com/v1/images/furniture/FtrBirdcage_Remake_2_0
191,https://acnhapi.com/v1/images/furniture/FtrBirdcage_Remake_3_0
192,https://acnhapi.com/v1/images/furniture/FtrBirdcage_Remake_4_0
193,https://acnhapi.com/v1/images/furniture/FtrBirdhouse_Remake_0_0
194,https://acnhapi.com/v1/images/furniture/FtrBirdhouse_Remake_1_0
195,https://acnhapi.com/v1/images/furniture/FtrBirdhouse_Remake_2_0
196,https://acnhapi.com/v1/images/furniture/FtrBirdhouse_Remake_3_0
197,https://acnhapi.com/v1/images/furniture/FtrBirdhouse_Remake_4_0
198,https://acnhapi.com/v1/images/furniture/FtrBirdhouse_Remake_5_0
199,https://acnhapi.com/v1/images/furniture/FtrBirthdayBoard_Remake_0_0
200,https://acnhapi.com/v1/images/furniture/FtrBirthdayBoard_Remake_1_0
201,https://acnhapi.com/v1/images/furniture/FtrBirthdayBoard_Remake_2_0
202,https://acnhapi.com/v1/images/furniture/FtrBirthdayBoard_Remake_3_0
203,https://acnhapi.com/v1/images/furniture/FtrBirthdayBoard_Remake_4_0
204,https://acnhapi.com/v1/images/furniture/FtrBirthdayBoard_Remake_5_0
205,https://acnhapi.com/v1/images/furniture/FtrBirthdayTable_Remake_0_0
206,https://acnhapi.com/v1/images/furniture/FtrBirthdayTable_Remake_1_0
207,https://acnhapi.com/v1/images/furniture/FtrBirthdayTable_Remake_2_0
208,https://acnhapi.com/v1/images/furniture/FtrBirthdayTable_Remake_3_0
209,https://acnhapi.com/v1/images/furniture/FtrBirthdayTable_Remake_4_0
210,https://acnhapi.com/v1/images/furniture/FtrBirthdayTable_Remake_5_0
211,https://acnhapi.com/v1/images/furniture/FtrSakuraLantern_Remake_0_0
212,https://acnhapi.com/v1/images/furniture/FtrSakuraLantern_Remake_1_0
213,https://acnhapi.com/v1/images/furniture/FtrRingcornerBlue_Remake_0_0
214,https://acnhapi.com/v1/images/furniture/FtrRingcornerBlue_Remake_0_1
215,https://acnhapi.com/v1/images/furniture/FtrRingcornerBlue_Remake_0_2
216,https://acnhapi.com/v1/images/furniture/FtrRingcornerBlue_Remake_0_3
217,https://acnhapi.com/v1/images/furniture/FtrRingcornerBlue_Remake_0_4
218,https://acnhapi.com/v1/images/furniture/FtrCampfire
219,https://acnhapi.com/v1/images/furniture/FtrBonsaiShelf
220,https://acnhapi.com/v1/images/furniture/FtrBoxsofaCorner_Remake_0_0
221,https://acnhapi.com/v1/images/furniture/FtrBoxsofaCorner_Remake_1_0
222,https://acnhapi.com/v1/images/furniture/FtrBoxsofaCorner_Remake_2_0
223,https://acnhapi.com/v1/images/furniture/FtrBoxsofaCorner_Remake_3_0
224,https://acnhapi.com/v1/images/furniture/FtrBoxsofaCorner_Remake_4_0
225,https://acnhapi.com/v1/images/furniture/FtrBoxsofaCorner_Remake_5_0
226,https://acnhapi.com/v1/images/furniture/FtrBoxsofaCorner_Remake_6_0
227,https://acnhapi.com/v1/images/furniture/FtrBoxsofaCorner_Remake_7_0
228,https://acnhapi.com/v1/images/furniture/FtrBoxsofa_Remake_0_0
229,https://acnhapi.com/v1/images/furniture/FtrBoxsofa_Remake_1_0
230,https://acnhapi.com/v1/images/furniture/FtrBoxsofa_Remake_2_0
231,https://acnhapi.com/v1/images/furniture/FtrBoxsofa_Remake_3_0
232,https://acnhapi.com/v1/images/furniture/FtrBoxsofa_Remake_4_0
233,https://acnhapi.com/v1/images/furniture/FtrBoxsofa_Remake_5_0
234,https://acnhapi.com/v1/images/furniture/FtrBoxsofa_Remake_6_0
235,https://acnhapi.com/v1/images/furniture/FtrBoxsofa_Remake_7_0
236,https://acnhapi.com/v1/images/furniture/FtrCompassSlot
237,https://acnhapi.com/v1/images/furniture/FtrStoneoven_Remake_0_0
238,https://acnhapi.com/v1/images/furniture/FtrStoneoven_Remake_1_0
239,https://acnhapi.com/v1/images/furniture/FtrStoneoven_Remake_2_0
240,https://acnhapi.com/v1/images/furniture/FtrStoneoven_Remake_3_0
241,https://acnhapi.com/v1/images/furniture/FtrWellBrick_Remake_0_0
242,https://acnhapi.com/v1/images/furniture/FtrWellBrick_Remake_1_0
243,https://acnhapi.com/v1/images/furniture/FtrWellBrick_Remake_2_0
244,https://acnhapi.com/v1/images/furniture/FtrBunkbed_Remake_0_0
245,https://acnhapi.com/v1/images/furniture/FtrBunkbed_Remake_0_1
246,https://acnhapi.com/v1/images/furniture/FtrBunkbed_Remake_0_2
247,https://acnhapi.com/v1/images/furniture/FtrBunkbed_Remake_0_3
248,https://acnhapi.com/v1/images/furniture/FtrBunkbed_Remake_0_4
249,https://acnhapi.com/v1/images/furniture/FtrBunkbed_Remake_1_0
250,https://acnhapi.com/v1/images/furniture/FtrBunkbed_Remake_1_1
251,https://acnhapi.com/v1/images/furniture/FtrBunkbed_Remake_1_2
252,https://acnhapi.com/v1/images/furniture/FtrBunkbed_Remake_1_3
253,https://acnhapi.com/v1/images/furniture/FtrBunkbed_Remake_1_4
254,https://acnhapi.com/v1/images/furniture/FtrBunkbed_Remake_2_0
255,https://acnhapi.com/v1/images/furniture/FtrBunkbed_Remake_2_1
256,https://acnhapi.com/v1/images/furniture/FtrBunkbed_Remake_2_2
257,https://acnhapi.com/v1/images/furniture/FtrBunkbed_Remake_2_3
258,https://acnhapi.com/v1/images/furniture/FtrBunkbed_Remake_2_4
259,https://acnhapi.com/v1/images/furniture/FtrBunkbed_Remake_3_0
260,https://acnhapi.com/v1/images/furniture/FtrBunkbed_Remake_3_1
261,https://acnhapi.com/v1/images/furniture/FtrBunkbed_Remake_3_2
262,https://acnhapi.com/v1/images/furniture/FtrBunkbed_Remake_3_3
263,https://acnhapi.com/v1/images/furniture/FtrBunkbed_Remake_3_4
264,https://acnhapi.com/v1/images/furniture/FtrBunkbed_Remake_4_0
265,https://acnhapi.com/v1/images/furniture/FtrBunkbed_Remake_4_1
266,https://acnhapi.com/v1/images/furniture/FtrBunkbed_Remake_4_2
267,https://acnhapi.com/v1/images/furniture/FtrBunkbed_Remake_4_3
268,https://acnhapi.com/v1/images/furniture/FtrBunkbed_Remake_4_4
269,https://acnhapi.com/v1/images/furniture/FtrBunkbed_Remake_5_0
270,https://acnhapi.com/v1/images/furniture/FtrBunkbed_Remake_5_1
271,https://acnhapi.com/v1/images/furniture/FtrBunkbed_Remake_5_2
272,https://acnhapi.com/v1/images/furniture/FtrBunkbed_Remake_5_3
273,https://acnhapi.com/v1/images/furniture/FtrBunkbed_Remake_5_4
274,https://acnhapi.com/v1/images/furniture/FtrBunkbed_Remake_6_0
275,https://acnhapi.com/v1/images/furniture/FtrBunkbed_Remake_6_1
276,https://acnhapi.com/v1/images/furniture/FtrBunkbed_Remake_6_2
277,https://acnhapi.com/v1/images/furniture/FtrBunkbed_Remake_6_3
278,https://acnhapi.com/v1/images/furniture/FtrBunkbed_Remake_6_4
279,https://acnhapi.com/v1/images/furniture/FtrEggArch
280,https://acnhapi.com/v1/images/furniture/FtrEggBedW
281,https://acnhapi.com/v1/images/furniture/FtrEggBalloonB
282,https://acnhapi.com/v1/images/furniture/FtrEggBalloonA
283,https://acnhapi.com/v1/images/furniture/FtrEggStool
284,https://acnhapi.com/v1/images/furniture/FtrEggTableS
285,https://acnhapi.com/v1/images/furniture/FtrEggDresser
286,https://acnhapi.com/v1/images/furniture/FtrEggClosetLR
287,https://acnhapi.com/v1/images/furniture/FtrButtermixer_Remake_0_0
288,https://acnhapi.com/v1/images/furniture/FtrButtermixer_Remake_1_0
289,https://acnhapi.com/v1/images/furniture/FtrPlantCacao
290,https://acnhapi.com/v1/images/furniture/FtrBonfire
291,https://acnhapi.com/v1/images/furniture/FtrMesstin
292,https://acnhapi.com/v1/images/furniture/FtrCampbed_Remake_0_0
293,https://acnhapi.com/v1/images/furniture/FtrCampbed_Remake_1_0
294,https://acnhapi.com/v1/images/furniture/FtrCampbed_Remake_2_0
295,https://acnhapi.com/v1/images/furniture/FtrCampbed_Remake_3_0
296,https://acnhapi.com/v1/images/furniture/FtrCampbed_Remake_4_0
297,https://acnhapi.com/v1/images/furniture/FtrCampbed_Remake_5_0
298,https://acnhapi.com/v1/images/furniture/FtrCampbed_Remake_6_0
299,https://acnhapi.com/v1/images/furniture/FtrCampbed_Remake_7_0
300,https://acnhapi.com/v1/images/furniture/FtrCompassSignCamp
301,https://acnhapi.com/v1/images/furniture/FtrZodiacCancer
302,https://acnhapi.com/v1/images/furniture/FtrCandymachine_Remake_0_0
303,https://acnhapi.com/v1/images/furniture/FtrCandymachine_Remake_1_0
304,https://acnhapi.com/v1/images/furniture/FtrCandymachine_Remake_2_0
305,https://acnhapi.com/v1/images/furniture/FtrCandymachine_Remake_3_0
306,https://acnhapi.com/v1/images/furniture/FtrZodiacCapricornus
307,https://acnhapi.com/v1/images/furniture/FtrCardboardBedS_Remake_0_0
308,https://acnhapi.com/v1/images/furniture/FtrCardboardBedS_Remake_1_0
309,https://acnhapi.com/v1/images/furniture/FtrCardboardChairS_Remake_0_0
310,https://acnhapi.com/v1/images/furniture/FtrCardboardChairS_Remake_1_0
311,https://acnhapi.com/v1/images/furniture/FtrCardboardSofaL_Remake_0_0
312,https://acnhapi.com/v1/images/furniture/FtrCardboardSofaL_Remake_1_0
313,https://acnhapi.com/v1/images/furniture/FtrCardboardTableL_Remake_0_0
314,https://acnhapi.com/v1/images/furniture/FtrCardboardTableL_Remake_1_0
315,https://acnhapi.com/v1/images/furniture/FtrCattower_Remake_0_0
316,https://acnhapi.com/v1/images/furniture/FtrCattower_Remake_1_0
317,https://acnhapi.com/v1/images/furniture/FtrCattower_Remake_2_0
318,https://acnhapi.com/v1/images/furniture/FtrCattower_Remake_3_0
319,https://acnhapi.com/v1/images/furniture/FtrCattower_Remake_4_0
320,https://acnhapi.com/v1/images/furniture/FtrCattower_Remake_5_0
321,https://acnhapi.com/v1/images/furniture/FtrCello_Remake_0_0
322,https://acnhapi.com/v1/images/furniture/FtrCello_Remake_1_0
323,https://acnhapi.com/v1/images/furniture/FtrCello_Remake_2_0
324,https://acnhapi.com/v1/images/furniture/FtrBlackboard_Remake_0_0
325,https://acnhapi.com/v1/images/furniture/FtrBlackboard_Remake_1_0
326,https://acnhapi.com/v1/images/furniture/FtrBlackboard_Remake_2_0
327,https://acnhapi.com/v1/images/furniture/FtrBlackboard_Remake_3_0
328,https://acnhapi.com/v1/images/furniture/FtrBlackboard_Remake_4_0
329,https://acnhapi.com/v1/images/furniture/FtrBlackboard_Remake_5_0
330,https://acnhapi.com/v1/images/furniture/FtrBlackboard_Remake_6_0
331,https://acnhapi.com/v1/images/furniture/FtrVictoryflag_Remake_0_0
332,https://acnhapi.com/v1/images/furniture/FtrVictoryflag_Remake_1_0
333,https://acnhapi.com/v1/images/furniture/FtrVictoryflag_Remake_2_0
334,https://acnhapi.com/v1/images/furniture/FtrVictoryflag_Remake_3_0
335,https://acnhapi.com/v1/images/furniture/FtrFittingroom_Remake_0_0
336,https://acnhapi.com/v1/images/furniture/FtrFittingroom_Remake_0_1
337,https://acnhapi.com/v1/images/furniture/FtrFittingroom_Remake_0_2
338,https://acnhapi.com/v1/images/furniture/FtrFittingroom_Remake_0_3
339,https://acnhapi.com/v1/images/furniture/FtrFittingroom_Remake_0_4
340,https://acnhapi.com/v1/images/furniture/FtrFittingroom_Remake_0_5
341,https://acnhapi.com/v1/images/furniture/FtrFittingroom_Remake_0_6
342,https://acnhapi.com/v1/images/furniture/FtrFittingroom_Remake_0_7
343,https://acnhapi.com/v1/images/furniture/FtrFittingroom_Remake_1_0
344,https://acnhapi.com/v1/images/furniture/FtrFittingroom_Remake_1_1
345,https://acnhapi.com/v1/images/furniture/FtrFittingroom_Remake_1_2
346,https://acnhapi.com/v1/images/furniture/FtrFittingroom_Remake_1_3
347,https://acnhapi.com/v1/images/furniture/FtrFittingroom_Remake_1_4
348,https://acnhapi.com/v1/images/furniture/FtrFittingroom_Remake_1_5
349,https://acnhapi.com/v1/images/furniture/FtrFittingroom_Remake_1_6
350,https://acnhapi.com/v1/images/furniture/FtrFittingroom_Remake_1_7
351,https://acnhapi.com/v1/images/furniture/FtrFittingroom_Remake_2_0
352,https://acnhapi.com/v1/images/furniture/FtrFittingroom_Remake_2_1
353,https://acnhapi.com/v1/images/furniture/FtrFittingroom_Remake_2_2
354,https://acnhapi.com/v1/images/furniture/FtrFittingroom_Remake_2_3
355,https://acnhapi.com/v1/images/furniture/FtrFittingroom_Remake_2_4
356,https://acnhapi.com/v1/images/furniture/FtrFittingroom_Remake_2_5
357,https://acnhapi.com/v1/images/furniture/FtrFittingroom_Remake_2_6
358,https://acnhapi.com/v1/images/furniture/FtrFittingroom_Remake_2_7
359,https://acnhapi.com/v1/images/furniture/FtrFittingroom_Remake_3_0
360,https://acnhapi.com/v1/images/furniture/FtrFittingroom_Remake_3_1
361,https://acnhapi.com/v1/images/furniture/FtrFittingroom_Remake_3_2
362,https://acnhapi.com/v1/images/furniture/FtrFittingroom_Remake_3_3
363,https://acnhapi.com/v1/images/furniture/FtrFittingroom_Remake_3_4
364,https://acnhapi.com/v1/images/furniture/FtrFittingroom_Remake_3_5
365,https://acnhapi.com/v1/images/furniture/FtrFittingroom_Remake_3_6
366,https://acnhapi.com/v1/images/furniture/FtrFittingroom_Remake_3_7
367,https://acnhapi.com/v1/images/furniture/FtrFittingroom_Remake_4_0
368,https://acnhapi.com/v1/images/furniture/FtrFittingroom_Remake_4_1
369,https://acnhapi.com/v1/images/furniture/FtrFittingroom_Remake_4_2
370,https://acnhapi.com/v1/images/furniture/FtrFittingroom_Remake_4_3
371,https://acnhapi.com/v1/images/furniture/FtrFittingroom_Remake_4_4
372,https://acnhapi.com/v1/images/furniture/FtrFittingroom_Remake_4_5
373,https://acnhapi.com/v1/images/furniture/FtrFittingroom_Remake_4_6
374,https://acnhapi.com/v1/images/furniture/FtrFittingroom_Remake_4_7
375,https://acnhapi.com/v1/images/furniture/FtrFittingroom_Remake_5_0
376,https://acnhapi.com/v1/images/furniture/FtrFittingroom_Remake_5_1
377,https://acnhapi.com/v1/images/furniture/FtrFittingroom_Remake_5_2
378,https://acnhapi.com/v1/images/furniture/FtrFittingroom_Remake_5_3
379,https://acnhapi.com/v1/images/furniture/FtrFittingroom_Remake_5_4
380,https://acnhapi.com/v1/images/furniture/FtrFittingroom_Remake_5_5
381,https://acnhapi.com/v1/images/furniture/FtrFittingroom_Remake_5_6
382,https://acnhapi.com/v1/images/furniture/FtrFittingroom_Remake_5_7
383,https://acnhapi.com/v1/images/furniture/FtrFittingroom_Remake_6_0
384,https://acnhapi.com/v1/images/furniture/FtrFittingroom_Remake_6_1
385,https://acnhapi.com/v1/images/furniture/FtrFittingroom_Remake_6_2
386,https://acnhapi.com/v1/images/furniture/FtrFittingroom_Remake_6_3
387,https://acnhapi.com/v1/images/furniture/FtrFittingroom_Remake_6_4
388,https://acnhapi.com/v1/images/furniture/FtrFittingroom_Remake_6_5
389,https://acnhapi.com/v1/images/furniture/FtrFittingroom_Remake_6_6
390,https://acnhapi.com/v1/images/furniture/FtrFittingroom_Remake_6_7
391,https://acnhapi.com/v1/images/furniture/FtrFittingroom_Remake_7_0
392,https://acnhapi.com/v1/images/furniture/FtrFittingroom_Remake_7_1
393,https://acnhapi.com/v1/images/furniture/FtrFittingroom_Remake_7_2
394,https://acnhapi.com/v1/images/furniture/FtrFittingroom_Remake_7_3
395,https://acnhapi.com/v1/images/furniture/FtrFittingroom_Remake_7_4
396,https://acnhapi.com/v1/images/furniture/FtrFittingroom_Remake_7_5
397,https://acnhapi.com/v1/images/furniture/FtrFittingroom_Remake_7_6
398,https://acnhapi.com/v1/images/furniture/FtrFittingroom_Remake_7_7
399,https://acnhapi.com/v1/images/furniture/FtrSakuraBranch
400,https://acnhapi.com/v1/images/furniture/FtrStonewaterbowlSakura
401,https://acnhapi.com/v1/images/furniture/FtrSakuraPetal
402,https://acnhapi.com/v1/images/furniture/FtrKatakatatoy_Remake_0_0
403,https://acnhapi.com/v1/images/furniture/FtrKatakatatoy_Remake_1_0
404,https://acnhapi.com/v1/images/furniture/FtrKatakatatoy_Remake_2_0
405,https://acnhapi.com/v1/images/furniture/FtrKatakatatoy_Remake_3_0
406,https://acnhapi.com/v1/images/furniture/FtrKatakatatoy_Remake_4_0
407,https://acnhapi.com/v1/images/furniture/FtrKatakatatoy_Remake_5_0
408,https://acnhapi.com/v1/images/furniture/FtrBathtubCabriole_Remake_0_0
409,https://acnhapi.com/v1/images/furniture/FtrBathtubCabriole_Remake_1_0
410,https://acnhapi.com/v1/images/furniture/FtrBathtubCabriole_Remake_2_0
411,https://acnhapi.com/v1/images/furniture/FtrBathtubCabriole_Remake_3_0
412,https://acnhapi.com/v1/images/furniture/FtrBathtubCabriole_Remake_4_0
413,https://acnhapi.com/v1/images/furniture/FtrBathtubCabriole_Remake_5_0
414,https://acnhapi.com/v1/images/furniture/FtrKitchenKamado
415,https://acnhapi.com/v1/images/furniture/FtrClimbingwall_Remake_0_0
416,https://acnhapi.com/v1/images/furniture/FtrClimbingwall_Remake_1_0
417,https://acnhapi.com/v1/images/furniture/FtrClimbingwall_Remake_2_0
418,https://acnhapi.com/v1/images/furniture/FtrClimbingwall_Remake_3_0
419,https://acnhapi.com/v1/images/furniture/FtrFashioncase_Remake_0_0
420,https://acnhapi.com/v1/images/furniture/FtrFashioncase_Remake_1_0
421,https://acnhapi.com/v1/images/furniture/FtrFashioncase_Remake_2_0
422,https://acnhapi.com/v1/images/furniture/FtrFashioncase_Remake_3_0
423,https://acnhapi.com/v1/images/furniture/FtrFashioncase_Remake_4_0
424,https://acnhapi.com/v1/images/furniture/FtrFashioncase_Remake_5_0
425,https://acnhapi.com/v1/images/furniture/FtrClothesline_Remake_0_0
426,https://acnhapi.com/v1/images/furniture/FtrClothesline_Remake_0_1
427,https://acnhapi.com/v1/images/furniture/FtrClothesline_Remake_0_2
428,https://acnhapi.com/v1/images/furniture/FtrClothesline_Remake_0_3
429,https://acnhapi.com/v1/images/furniture/FtrClothesline_Remake_0_4
430,https://acnhapi.com/v1/images/furniture/FtrClotheshorse_Remake_0_0
431,https://acnhapi.com/v1/images/furniture/FtrClotheshorse_Remake_0_1
432,https://acnhapi.com/v1/images/furniture/FtrClotheshorse_Remake_0_2
433,https://acnhapi.com/v1/images/furniture/FtrClotheshorse_Remake_0_3
434,https://acnhapi.com/v1/images/furniture/FtrClotheshorse_Remake_1_0
435,https://acnhapi.com/v1/images/furniture/FtrClotheshorse_Remake_1_1
436,https://acnhapi.com/v1/images/furniture/FtrClotheshorse_Remake_1_2
437,https://acnhapi.com/v1/images/furniture/FtrClotheshorse_Remake_1_3
438,https://acnhapi.com/v1/images/furniture/FtrRoulette_Remake_0_0
439,https://acnhapi.com/v1/images/furniture/FtrRoulette_Remake_1_0
440,https://acnhapi.com/v1/images/furniture/FtrRoulette_Remake_2_0
441,https://acnhapi.com/v1/images/furniture/FtrRoulette_Remake_3_0
442,https://acnhapi.com/v1/images/furniture/FtrRoulette_Remake_4_0
443,https://acnhapi.com/v1/images/furniture/FtrPylon_Remake_0_0
444,https://acnhapi.com/v1/images/furniture/FtrPylon_Remake_1_0
445,https://acnhapi.com/v1/images/furniture/FtrPylon_Remake_2_0
446,https://acnhapi.com/v1/images/furniture/FtrPylon_Remake_3_0
447,https://acnhapi.com/v1/images/furniture/FtrPylon_Remake_4_0
448,https://acnhapi.com/v1/images/furniture/FtrPylon_Remake_5_0
449,https://acnhapi.com/v1/images/furniture/FtrPylon_Remake_6_0
450,https://acnhapi.com/v1/images/furniture/FtrPylon_Remake_7_0
451,https://acnhapi.com/v1/images/furniture/FtrSignConstruction_Remake_0_0
452,https://acnhapi.com/v1/images/furniture/FtrSignConstruction_Remake_1_0
453,https://acnhapi.com/v1/images/furniture/FtrSignConstruction_Remake_2_0
454,https://acnhapi.com/v1/images/furniture/FtrSignConstruction_Remake_3_0
455,https://acnhapi.com/v1/images/furniture/FtrSignConstruction_Remake_4_0
456,https://acnhapi.com/v1/images/furniture/FtrFlowerShower_Remake_0_0
457,https://acnhapi.com/v1/images/furniture/FtrFlowerShower_Remake_1_0
458,https://acnhapi.com/v1/images/furniture/FtrFlowerShower_Remake_2_0
459,https://acnhapi.com/v1/images/furniture/FtrCottoncandymachine_Remake_0_0
460,https://acnhapi.com/v1/images/furniture/FtrCottoncandymachine_Remake_1_0
461,https://acnhapi.com/v1/images/furniture/FtrCottoncandymachine_Remake_2_0
462,https://acnhapi.com/v1/images/furniture/FtrStarMoonChairL_Remake_0_0
463,https://acnhapi.com/v1/images/furniture/FtrStarMoonChairL_Remake_1_0
464,https://acnhapi.com/v1/images/furniture/FtrStarMoonChairL_Remake_2_0
465,https://acnhapi.com/v1/images/furniture/FtrStarMoonChairL_Remake_3_0
466,https://acnhapi.com/v1/images/furniture/FtrStarMoonChairL_Remake_4_0
467,https://acnhapi.com/v1/images/furniture/FtrStarMoonChairL_Remake_5_0
468,https://acnhapi.com/v1/images/furniture/FtrStarMoonChairL_Remake_6_0
469,https://acnhapi.com/v1/images/furniture/FtrSpacecraft
470,https://acnhapi.com/v1/images/furniture/FtrCuteBedW_Remake_0_0
471,https://acnhapi.com/v1/images/furniture/FtrCuteBedW_Remake_1_0
472,https://acnhapi.com/v1/images/furniture/FtrCuteBedW_Remake_2_0
473,https://acnhapi.com/v1/images/furniture/FtrCuteBedW_Remake_3_0
474,https://acnhapi.com/v1/images/furniture/FtrCuteBedW_Remake_4_0
475,https://acnhapi.com/v1/images/furniture/FtrCuteChairS_Remake_0_0
476,https://acnhapi.com/v1/images/furniture/FtrCuteChairS_Remake_1_0
477,https://acnhapi.com/v1/images/furniture/FtrCuteChairS_Remake_2_0
478,https://acnhapi.com/v1/images/furniture/FtrCuteChairS_Remake_3_0
479,https://acnhapi.com/v1/images/furniture/FtrCuteChairS_Remake_4_0
480,https://acnhapi.com/v1/images/furniture/FtrCuteWorkbench_Remake_0_0
481,https://acnhapi.com/v1/images/furniture/FtrCuteWorkbench_Remake_1_0
482,https://acnhapi.com/v1/images/furniture/FtrCuteWorkbench_Remake_2_0
483,https://acnhapi.com/v1/images/furniture/FtrCuteWorkbench_Remake_3_0
484,https://acnhapi.com/v1/images/furniture/FtrCuteWorkbench_Remake_4_0
485,https://acnhapi.com/v1/images/furniture/FtrCuteLamp_Remake_0_0
486,https://acnhapi.com/v1/images/furniture/FtrCuteLamp_Remake_1_0
487,https://acnhapi.com/v1/images/furniture/FtrCuteLamp_Remake_2_0
488,https://acnhapi.com/v1/images/furniture/FtrCuteLamp_Remake_3_0
489,https://acnhapi.com/v1/images/furniture/FtrCuteLamp_Remake_4_0
490,https://acnhapi.com/v1/images/furniture/FtrCuteChairL_Remake_0_0
491,https://acnhapi.com/v1/images/furniture/FtrCuteChairL_Remake_1_0
492,https://acnhapi.com/v1/images/furniture/FtrCuteChairL_Remake_2_0
493,https://acnhapi.com/v1/images/furniture/FtrCuteChairL_Remake_3_0
494,https://acnhapi.com/v1/images/furniture/FtrCuteChairL_Remake_4_0
495,https://acnhapi.com/v1/images/furniture/FtrCuteTableS_Remake_0_0
496,https://acnhapi.com/v1/images/furniture/FtrCuteTableS_Remake_1_0
497,https://acnhapi.com/v1/images/furniture/FtrCuteTableS_Remake_2_0
498,https://acnhapi.com/v1/images/furniture/FtrCuteTableS_Remake_3_0
499,https://acnhapi.com/v1/images/furniture/FtrCuteTableS_Remake_4_0
500,https://acnhapi.com/v1/images/furniture/FtrCuteDresser_Remake_0_0
501,https://acnhapi.com/v1/images/furniture/FtrCuteDresser_Remake_1_0
502,https://acnhapi.com/v1/images/furniture/FtrCuteDresser_Remake_2_0
503,https://acnhapi.com/v1/images/furniture/FtrCuteDresser_Remake_3_0
504,https://acnhapi.com/v1/images/furniture/FtrCuteDresser_Remake_4_0
505,https://acnhapi.com/v1/images/furniture/FtrCuteClosetLR_Remake_0_0
506,https://acnhapi.com/v1/images/furniture/FtrCuteClosetLR_Remake_1_0
507,https://acnhapi.com/v1/images/furniture/FtrCuteClosetLR_Remake_2_0
508,https://acnhapi.com/v1/images/furniture/FtrCuteClosetLR_Remake_3_0
509,https://acnhapi.com/v1/images/furniture/FtrCuteClosetLR_Remake_4_0
510,https://acnhapi.com/v1/images/furniture/FtrBathHinoki_Remake_0_0
511,https://acnhapi.com/v1/images/furniture/FtrBathHinoki_Remake_1_0
512,https://acnhapi.com/v1/images/furniture/FtrBathHinoki_Remake_2_0
513,https://acnhapi.com/v1/images/furniture/FtrPlantGoldcrest_Remake_0_0
514,https://acnhapi.com/v1/images/furniture/FtrPlantGoldcrest_Remake_1_0
515,https://acnhapi.com/v1/images/furniture/FtrPlantGoldcrest_Remake_2_0
516,https://acnhapi.com/v1/images/furniture/FtrPlantGoldcrest_Remake_3_0
517,https://acnhapi.com/v1/images/furniture/FtrPlantGoldcrest_Remake_4_0
518,https://acnhapi.com/v1/images/furniture/FtrDarts
519,https://acnhapi.com/v1/images/furniture/FtrShishiodoshi_Remake_0_0
520,https://acnhapi.com/v1/images/furniture/FtrShishiodoshi_Remake_1_0
521,https://acnhapi.com/v1/images/furniture/FtrShishiodoshi_Remake_2_0
522,https://acnhapi.com/v1/images/furniture/FtrWashingmachineDrum_Remake_0_0
523,https://acnhapi.com/v1/images/furniture/FtrWashingmachineDrum_Remake_1_0
524,https://acnhapi.com/v1/images/furniture/FtrWashingmachineDrum_Remake_2_0
525,https://acnhapi.com/v1/images/furniture/FtrWashingmachineDrum_Remake_3_0
526,https://acnhapi.com/v1/images/furniture/FtrWashingmachineDrum_Remake_4_0
527,https://acnhapi.com/v1/images/furniture/FtrWashingmachineDrum_Remake_5_0
528,https://acnhapi.com/v1/images/furniture/FtrDrawingChair_Remake_0_0
529,https://acnhapi.com/v1/images/furniture/FtrDrawingChair_Remake_1_0
530,https://acnhapi.com/v1/images/furniture/FtrDrawingChair_Remake_2_0
531,https://acnhapi.com/v1/images/furniture/FtrDrawingChair_Remake_3_0
532,https://acnhapi.com/v1/images/furniture/FtrDrawingChair_Remake_4_0
533,https://acnhapi.com/v1/images/furniture/FtrDrawingChair_Remake_5_0
534,https://acnhapi.com/v1/images/furniture/FtrDrawingTable_Remake_0_0
535,https://acnhapi.com/v1/images/furniture/FtrDrawingTable_Remake_1_0
536,https://acnhapi.com/v1/images/furniture/FtrDrawingTable_Remake_2_0
537,https://acnhapi.com/v1/images/furniture/FtrDrawingTable_Remake_3_0
538,https://acnhapi.com/v1/images/furniture/FtrDrawingTable_Remake_4_0
539,https://acnhapi.com/v1/images/furniture/FtrSignpostWorld_Remake_0_0
540,https://acnhapi.com/v1/images/furniture/FtrSignpostWorld_Remake_1_0
541,https://acnhapi.com/v1/images/furniture/FtrSignpostWorld_Remake_2_0
542,https://acnhapi.com/v1/images/furniture/FtrSignpostWorld_Remake_3_0
543,https://acnhapi.com/v1/images/furniture/FtrSignpostWorld_Remake_4_0
544,https://acnhapi.com/v1/images/furniture/FtrSignpostWorld_Remake_5_0
545,https://acnhapi.com/v1/images/furniture/FtrWeightscale_Remake_0_0
546,https://acnhapi.com/v1/images/furniture/FtrWeightscale_Remake_0_1
547,https://acnhapi.com/v1/images/furniture/FtrWeightscale_Remake_0_2
548,https://acnhapi.com/v1/images/furniture/FtrWeightscale_Remake_0_3
549,https://acnhapi.com/v1/images/furniture/FtrWeightscale_Remake_0_4
550,https://acnhapi.com/v1/images/furniture/FtrWeightscale_Remake_1_0
551,https://acnhapi.com/v1/images/furniture/FtrWeightscale_Remake_1_1
552,https://acnhapi.com/v1/images/furniture/FtrWeightscale_Remake_1_2
553,https://acnhapi.com/v1/images/furniture/FtrWeightscale_Remake_1_3
554,https://acnhapi.com/v1/images/furniture/FtrWeightscale_Remake_1_4
555,https://acnhapi.com/v1/images/furniture/FtrWeightscale_Remake_2_0
556,https://acnhapi.com/v1/images/furniture/FtrWeightscale_Remake_2_1
557,https://acnhapi.com/v1/images/furniture/FtrWeightscale_Remake_2_2
558,https://acnhapi.com/v1/images/furniture/FtrWeightscale_Remake_2_3
559,https://acnhapi.com/v1/images/furniture/FtrWeightscale_Remake_2_4
560,https://acnhapi.com/v1/images/furniture/FtrWeightscale_Remake_3_0
561,https://acnhapi.com/v1/images/furniture/FtrWeightscale_Remake_3_1
562,https://acnhapi.com/v1/images/furniture/FtrWeightscale_Remake_3_2
563,https://acnhapi.com/v1/images/furniture/FtrWeightscale_Remake_3_3
564,https://acnhapi.com/v1/images/furniture/FtrWeightscale_Remake_3_4
565,https://acnhapi.com/v1/images/furniture/FtrWeightscale_Remake_4_0
566,https://acnhapi.com/v1/images/furniture/FtrWeightscale_Remake_4_1
567,https://acnhapi.com/v1/images/furniture/FtrWeightscale_Remake_4_2
568,https://acnhapi.com/v1/images/furniture/FtrWeightscale_Remake_4_3
569,https://acnhapi.com/v1/images/furniture/FtrWeightscale_Remake_4_4
570,https://acnhapi.com/v1/images/furniture/FtrWeightscale_Remake_5_0
571,https://acnhapi.com/v1/images/furniture/FtrWeightscale_Remake_5_1
572,https://acnhapi.com/v1/images/furniture/FtrWeightscale_Remake_5_2
573,https://acnhapi.com/v1/images/furniture/FtrWeightscale_Remake_5_3
574,https://acnhapi.com/v1/images/furniture/FtrWeightscale_Remake_5_4
575,https://acnhapi.com/v1/images/furniture/FtrWeightscale_Remake_6_0
576,https://acnhapi.com/v1/images/furniture/FtrWeightscale_Remake_6_1
577,https://acnhapi.com/v1/images/furniture/FtrWeightscale_Remake_6_2
578,https://acnhapi.com/v1/images/furniture/FtrWeightscale_Remake_6_3
579,https://acnhapi.com/v1/images/furniture/FtrWeightscale_Remake_6_4
580,https://acnhapi.com/v1/images/furniture/FtrAmeretroChairS_Remake_0_0
581,https://acnhapi.com/v1/images/furniture/FtrAmeretroChairS_Remake_1_0
582,https://acnhapi.com/v1/images/furniture/FtrAmeretroChairS_Remake_2_0
583,https://acnhapi.com/v1/images/furniture/FtrAmeretroChairS_Remake_3_0
584,https://acnhapi.com/v1/images/furniture/FtrAmeretroChairS_Remake_4_0
585,https://acnhapi.com/v1/images/furniture/FtrAmeretroChairS_Remake_5_0
586,https://acnhapi.com/v1/images/furniture/FtrAmeretroChairS_Remake_6_0
587,https://acnhapi.com/v1/images/furniture/FtrAmeretroCounterchair_Remake_0_0
588,https://acnhapi.com/v1/images/furniture/FtrAmeretroCounterchair_Remake_1_0
589,https://acnhapi.com/v1/images/furniture/FtrAmeretroCounterchair_Remake_2_0
590,https://acnhapi.com/v1/images/furniture/FtrAmeretroCounterchair_Remake_3_0
591,https://acnhapi.com/v1/images/furniture/FtrAmeretroCounterchair_Remake_4_0
592,https://acnhapi.com/v1/images/furniture/FtrAmeretroCounterchair_Remake_5_0
593,https://acnhapi.com/v1/images/furniture/FtrAmeretroCounterchair_Remake_6_0
594,https://acnhapi.com/v1/images/furniture/FtrAmeretroCounter_Remake_0_0
595,https://acnhapi.com/v1/images/furniture/FtrAmeretroCounter_Remake_1_0
596,https://acnhapi.com/v1/images/furniture/FtrAmeretroCounter_Remake_2_0
597,https://acnhapi.com/v1/images/furniture/FtrAmeretroCounter_Remake_3_0
598,https://acnhapi.com/v1/images/furniture/FtrAmeretroCounter_Remake_4_0
599,https://acnhapi.com/v1/images/furniture/FtrAmeretroCounter_Remake_5_0
600,https://acnhapi.com/v1/images/furniture/FtrAmeretroCounter_Remake_6_0
601,https://acnhapi.com/v1/images/furniture/FtrAmeretroTableM_Remake_0_0
602,https://acnhapi.com/v1/images/furniture/FtrAmeretroTableM_Remake_1_0
603,https://acnhapi.com/v1/images/furniture/FtrAmeretroTableM_Remake_2_0
604,https://acnhapi.com/v1/images/furniture/FtrAmeretroTableM_Remake_3_0
605,https://acnhapi.com/v1/images/furniture/FtrAmeretroTableM_Remake_4_0
606,https://acnhapi.com/v1/images/furniture/FtrAmeretroTableM_Remake_5_0
607,https://acnhapi.com/v1/images/furniture/FtrAmeretroTableM_Remake_6_0
608,https://acnhapi.com/v1/images/furniture/FtrAmeretroTableS_Remake_0_0
609,https://acnhapi.com/v1/images/furniture/FtrAmeretroTableS_Remake_1_0
610,https://acnhapi.com/v1/images/furniture/FtrAmeretroTableS_Remake_2_0
611,https://acnhapi.com/v1/images/furniture/FtrAmeretroTableS_Remake_3_0
612,https://acnhapi.com/v1/images/furniture/FtrAmeretroTableS_Remake_4_0
613,https://acnhapi.com/v1/images/furniture/FtrAmeretroTableS_Remake_5_0
614,https://acnhapi.com/v1/images/furniture/FtrAmeretroTableS_Remake_6_0
615,https://acnhapi.com/v1/images/furniture/FtrAmeretroNeon_Remake_0_0
616,https://acnhapi.com/v1/images/furniture/FtrAmeretroNeon_Remake_1_0
617,https://acnhapi.com/v1/images/furniture/FtrAmeretroNeon_Remake_2_0
618,https://acnhapi.com/v1/images/furniture/FtrAmeretroNeon_Remake_3_0
619,https://acnhapi.com/v1/images/furniture/FtrAmeretroNeon_Remake_4_0
620,https://acnhapi.com/v1/images/furniture/FtrAmeretroChairL_Remake_0_0
621,https://acnhapi.com/v1/images/furniture/FtrAmeretroChairL_Remake_1_0
622,https://acnhapi.com/v1/images/furniture/FtrAmeretroChairL_Remake_2_0
623,https://acnhapi.com/v1/images/furniture/FtrAmeretroChairL_Remake_3_0
624,https://acnhapi.com/v1/images/furniture/FtrAmeretroChairL_Remake_4_0
625,https://acnhapi.com/v1/images/furniture/FtrAmeretroChairL_Remake_5_0
626,https://acnhapi.com/v1/images/furniture/FtrAmeretroChairL_Remake_6_0
627,https://acnhapi.com/v1/images/furniture/FtrDirectorchair_Remake_0_0
628,https://acnhapi.com/v1/images/furniture/FtrDirectorchair_Remake_0_1
629,https://acnhapi.com/v1/images/furniture/FtrDirectorchair_Remake_0_2
630,https://acnhapi.com/v1/images/furniture/FtrDirectorchair_Remake_1_0
631,https://acnhapi.com/v1/images/furniture/FtrDirectorchair_Remake_1_1
632,https://acnhapi.com/v1/images/furniture/FtrDirectorchair_Remake_1_2
633,https://acnhapi.com/v1/images/furniture/FtrDirectorchair_Remake_2_0
634,https://acnhapi.com/v1/images/furniture/FtrDirectorchair_Remake_2_1
635,https://acnhapi.com/v1/images/furniture/FtrDirectorchair_Remake_2_2
636,https://acnhapi.com/v1/images/furniture/FtrDirectorchair_Remake_3_0
637,https://acnhapi.com/v1/images/furniture/FtrDirectorchair_Remake_3_1
638,https://acnhapi.com/v1/images/furniture/FtrDirectorchair_Remake_3_2
639,https://acnhapi.com/v1/images/furniture/FtrWorkbench_Remake_0_0
640,https://acnhapi.com/v1/images/furniture/FtrWorkbench_Remake_1_0
641,https://acnhapi.com/v1/images/furniture/FtrWorkbench_Remake_2_0
642,https://acnhapi.com/v1/images/furniture/FtrWorkbench_Remake_3_0
643,https://acnhapi.com/v1/images/furniture/FtrWorkbench_Remake_4_0
644,https://acnhapi.com/v1/images/furniture/FtrWorkbench_Remake_5_0
645,https://acnhapi.com/v1/images/furniture/FtrWorkbench_Remake_6_0
646,https://acnhapi.com/v1/images/furniture/FtrWorkbench_Remake_7_0
647,https://acnhapi.com/v1/images/furniture/FtrDJbooth_Remake_0_0
648,https://acnhapi.com/v1/images/furniture/FtrDJbooth_Remake_0_1
649,https://acnhapi.com/v1/images/furniture/FtrDJbooth_Remake_0_2
650,https://acnhapi.com/v1/images/furniture/FtrDJbooth_Remake_0_3
651,https://acnhapi.com/v1/images/furniture/FtrDJbooth_Remake_0_4
652,https://acnhapi.com/v1/images/furniture/FtrDJbooth_Remake_0_5
653,https://acnhapi.com/v1/images/furniture/FtrDJbooth_Remake_0_6
654,https://acnhapi.com/v1/images/furniture/FtrDJbooth_Remake_0_7
655,https://acnhapi.com/v1/images/furniture/FtrDJbooth_Remake_1_0
656,https://acnhapi.com/v1/images/furniture/FtrDJbooth_Remake_1_1
657,https://acnhapi.com/v1/images/furniture/FtrDJbooth_Remake_1_2
658,https://acnhapi.com/v1/images/furniture/FtrDJbooth_Remake_1_3
659,https://acnhapi.com/v1/images/furniture/FtrDJbooth_Remake_1_4
660,https://acnhapi.com/v1/images/furniture/FtrDJbooth_Remake_1_5
661,https://acnhapi.com/v1/images/furniture/FtrDJbooth_Remake_1_6
662,https://acnhapi.com/v1/images/furniture/FtrDJbooth_Remake_1_7
663,https://acnhapi.com/v1/images/furniture/FtrDJbooth_Remake_2_0
664,https://acnhapi.com/v1/images/furniture/FtrDJbooth_Remake_2_1
665,https://acnhapi.com/v1/images/furniture/FtrDJbooth_Remake_2_2
666,https://acnhapi.com/v1/images/furniture/FtrDJbooth_Remake_2_3
667,https://acnhapi.com/v1/images/furniture/FtrDJbooth_Remake_2_4
668,https://acnhapi.com/v1/images/furniture/FtrDJbooth_Remake_2_5
669,https://acnhapi.com/v1/images/furniture/FtrDJbooth_Remake_2_6
670,https://acnhapi.com/v1/images/furniture/FtrDJbooth_Remake_2_7
671,https://acnhapi.com/v1/images/furniture/FtrDJbooth_Remake_3_0
672,https://acnhapi.com/v1/images/furniture/FtrDJbooth_Remake_3_1
673,https://acnhapi.com/v1/images/furniture/FtrDJbooth_Remake_3_2
674,https://acnhapi.com/v1/images/furniture/FtrDJbooth_Remake_3_3
675,https://acnhapi.com/v1/images/furniture/FtrDJbooth_Remake_3_4
676,https://acnhapi.com/v1/images/furniture/FtrDJbooth_Remake_3_5
677,https://acnhapi.com/v1/images/furniture/FtrDJbooth_Remake_3_6
678,https://acnhapi.com/v1/images/furniture/FtrDJbooth_Remake_3_7
679,https://acnhapi.com/v1/images/furniture/FtrDoghouse_Remake_0_0
680,https://acnhapi.com/v1/images/furniture/FtrDoghouse_Remake_1_0
681,https://acnhapi.com/v1/images/furniture/FtrDoghouse_Remake_2_0
682,https://acnhapi.com/v1/images/furniture/FtrDoghouse_Remake_3_0
683,https://acnhapi.com/v1/images/furniture/FtrDoghouse_Remake_4_0
684,https://acnhapi.com/v1/images/furniture/FtrSofaL_Remake_0_0
685,https://acnhapi.com/v1/images/furniture/FtrSofaL_Remake_1_0
686,https://acnhapi.com/v1/images/furniture/FtrSofaL_Remake_2_0
687,https://acnhapi.com/v1/images/furniture/FtrSofaL_Remake_3_0
688,https://acnhapi.com/v1/images/furniture/FtrSofaL_Remake_4_0
689,https://acnhapi.com/v1/images/furniture/FtrSofaL_Remake_5_0
690,https://acnhapi.com/v1/images/furniture/FtrSofaL_Remake_6_0
691,https://acnhapi.com/v1/images/furniture/FtrSofaL_Remake_7_0
692,https://acnhapi.com/v1/images/furniture/FtrRefrigeratorDoubledoor_Remake_0_0
693,https://acnhapi.com/v1/images/furniture/FtrRefrigeratorDoubledoor_Remake_1_0
694,https://acnhapi.com/v1/images/furniture/FtrRefrigeratorDoubledoor_Remake_2_0
695,https://acnhapi.com/v1/images/furniture/FtrRefrigeratorDoubledoor_Remake_3_0
696,https://acnhapi.com/v1/images/furniture/FtrDrinkmachine_Remake_0_0
697,https://acnhapi.com/v1/images/furniture/FtrDrinkmachine_Remake_0_1
698,https://acnhapi.com/v1/images/furniture/FtrDrinkmachine_Remake_0_2
699,https://acnhapi.com/v1/images/furniture/FtrDrinkmachine_Remake_0_3
700,https://acnhapi.com/v1/images/furniture/FtrDrinkmachine_Remake_1_0
701,https://acnhapi.com/v1/images/furniture/FtrDrinkmachine_Remake_1_1
702,https://acnhapi.com/v1/images/furniture/FtrDrinkmachine_Remake_1_2
703,https://acnhapi.com/v1/images/furniture/FtrDrinkmachine_Remake_1_3
704,https://acnhapi.com/v1/images/furniture/FtrDrinkmachine_Remake_2_0
705,https://acnhapi.com/v1/images/furniture/FtrDrinkmachine_Remake_2_1
706,https://acnhapi.com/v1/images/furniture/FtrDrinkmachine_Remake_2_2
707,https://acnhapi.com/v1/images/furniture/FtrDrinkmachine_Remake_2_3
708,https://acnhapi.com/v1/images/furniture/FtrDrinkmachine_Remake_3_0
709,https://acnhapi.com/v1/images/furniture/FtrDrinkmachine_Remake_3_1
710,https://acnhapi.com/v1/images/furniture/FtrDrinkmachine_Remake_3_2
711,https://acnhapi.com/v1/images/furniture/FtrDrinkmachine_Remake_3_3
712,https://acnhapi.com/v1/images/furniture/FtrDrinkmachine_Remake_4_0
713,https://acnhapi.com/v1/images/furniture/FtrDrinkmachine_Remake_4_1
714,https://acnhapi.com/v1/images/furniture/FtrDrinkmachine_Remake_4_2
715,https://acnhapi.com/v1/images/furniture/FtrDrinkmachine_Remake_4_3
716,https://acnhapi.com/v1/images/furniture/FtrDrinkmachine_Remake_5_0
717,https://acnhapi.com/v1/images/furniture/FtrDrinkmachine_Remake_5_1
718,https://acnhapi.com/v1/images/furniture/FtrDrinkmachine_Remake_5_2
719,https://acnhapi.com/v1/images/furniture/FtrDrinkmachine_Remake_5_3
720,https://acnhapi.com/v1/images/furniture/FtrDrinkingfountain_Remake_0_0
721,https://acnhapi.com/v1/images/furniture/FtrDrinkingfountain_Remake_1_0
722,https://acnhapi.com/v1/images/furniture/FtrDrinkingfountain_Remake_2_0
723,https://acnhapi.com/v1/images/furniture/FtrDrinkingfountain_Remake_3_0
724,https://acnhapi.com/v1/images/furniture/FtrDrumSet_Remake_0_0
725,https://acnhapi.com/v1/images/furniture/FtrDrumSet_Remake_0_1
726,https://acnhapi.com/v1/images/furniture/FtrDrumSet_Remake_0_2
727,https://acnhapi.com/v1/images/furniture/FtrDrumSet_Remake_0_3
728,https://acnhapi.com/v1/images/furniture/FtrDrumSet_Remake_0_4
729,https://acnhapi.com/v1/images/furniture/FtrDrumSet_Remake_0_5
730,https://acnhapi.com/v1/images/furniture/FtrDrumSet_Remake_1_0
731,https://acnhapi.com/v1/images/furniture/FtrDrumSet_Remake_1_1
732,https://acnhapi.com/v1/images/furniture/FtrDrumSet_Remake_1_2
733,https://acnhapi.com/v1/images/furniture/FtrDrumSet_Remake_1_3
734,https://acnhapi.com/v1/images/furniture/FtrDrumSet_Remake_1_4
735,https://acnhapi.com/v1/images/furniture/FtrDrumSet_Remake_1_5
736,https://acnhapi.com/v1/images/furniture/FtrDrumSet_Remake_2_0
737,https://acnhapi.com/v1/images/furniture/FtrDrumSet_Remake_2_1
738,https://acnhapi.com/v1/images/furniture/FtrDrumSet_Remake_2_2
739,https://acnhapi.com/v1/images/furniture/FtrDrumSet_Remake_2_3
740,https://acnhapi.com/v1/images/furniture/FtrDrumSet_Remake_2_4
741,https://acnhapi.com/v1/images/furniture/FtrDrumSet_Remake_2_5
742,https://acnhapi.com/v1/images/furniture/FtrDrumSet_Remake_3_0
743,https://acnhapi.com/v1/images/furniture/FtrDrumSet_Remake_3_1
744,https://acnhapi.com/v1/images/furniture/FtrDrumSet_Remake_3_2
745,https://acnhapi.com/v1/images/furniture/FtrDrumSet_Remake_3_3
746,https://acnhapi.com/v1/images/furniture/FtrDrumSet_Remake_3_4
747,https://acnhapi.com/v1/images/furniture/FtrDrumSet_Remake_3_5
748,https://acnhapi.com/v1/images/furniture/FtrDrumSet_Remake_4_0
749,https://acnhapi.com/v1/images/furniture/FtrDrumSet_Remake_4_1
750,https://acnhapi.com/v1/images/furniture/FtrDrumSet_Remake_4_2
751,https://acnhapi.com/v1/images/furniture/FtrDrumSet_Remake_4_3
752,https://acnhapi.com/v1/images/furniture/FtrDrumSet_Remake_4_4
753,https://acnhapi.com/v1/images/furniture/FtrDrumSet_Remake_4_5
754,https://acnhapi.com/v1/images/furniture/FtrDrumSet_Remake_5_0
755,https://acnhapi.com/v1/images/furniture/FtrDrumSet_Remake_5_1
756,https://acnhapi.com/v1/images/furniture/FtrDrumSet_Remake_5_2
757,https://acnhapi.com/v1/images/furniture/FtrDrumSet_Remake_5_3
758,https://acnhapi.com/v1/images/furniture/FtrDrumSet_Remake_5_4
759,https://acnhapi.com/v1/images/furniture/FtrDrumSet_Remake_5_5
760,https://acnhapi.com/v1/images/furniture/FtrDrumSet_Remake_6_0
761,https://acnhapi.com/v1/images/furniture/FtrDrumSet_Remake_6_1
762,https://acnhapi.com/v1/images/furniture/FtrDrumSet_Remake_6_2
763,https://acnhapi.com/v1/images/furniture/FtrDrumSet_Remake_6_3
764,https://acnhapi.com/v1/images/furniture/FtrDrumSet_Remake_6_4
765,https://acnhapi.com/v1/images/furniture/FtrDrumSet_Remake_6_5
766,https://acnhapi.com/v1/images/furniture/FtrDrumSet_Remake_7_0
767,https://acnhapi.com/v1/images/furniture/FtrDrumSet_Remake_7_1
768,https://acnhapi.com/v1/images/furniture/FtrDrumSet_Remake_7_2
769,https://acnhapi.com/v1/images/furniture/FtrDrumSet_Remake_7_3
770,https://acnhapi.com/v1/images/furniture/FtrDrumSet_Remake_7_4
771,https://acnhapi.com/v1/images/furniture/FtrDrumSet_Remake_7_5
772,https://acnhapi.com/v1/images/furniture/FtrClothesstand_Remake_0_0
773,https://acnhapi.com/v1/images/furniture/FtrClothesstand_Remake_1_0
774,https://acnhapi.com/v1/images/furniture/FtrClothesstand_Remake_2_0
775,https://acnhapi.com/v1/images/furniture/FtrClothesstand_Remake_3_0
776,https://acnhapi.com/v1/images/furniture/FtrEffectorrack_Remake_0_0
777,https://acnhapi.com/v1/images/furniture/FtrEffectorrack_Remake_0_1
778,https://acnhapi.com/v1/images/furniture/FtrEffectorrack_Remake_0_2
779,https://acnhapi.com/v1/images/furniture/FtrEffectorrack_Remake_0_3
780,https://acnhapi.com/v1/images/furniture/FtrEffectorrack_Remake_0_4
781,https://acnhapi.com/v1/images/furniture/FtrEffectorrack_Remake_0_5
782,https://acnhapi.com/v1/images/furniture/FtrEffectorrack_Remake_0_6
783,https://acnhapi.com/v1/images/furniture/FtrEffectorrack_Remake_0_7
784,https://acnhapi.com/v1/images/furniture/FtrEffectorrack_Remake_1_0
785,https://acnhapi.com/v1/images/furniture/FtrEffectorrack_Remake_1_1
786,https://acnhapi.com/v1/images/furniture/FtrEffectorrack_Remake_1_2
787,https://acnhapi.com/v1/images/furniture/FtrEffectorrack_Remake_1_3
788,https://acnhapi.com/v1/images/furniture/FtrEffectorrack_Remake_1_4
789,https://acnhapi.com/v1/images/furniture/FtrEffectorrack_Remake_1_5
790,https://acnhapi.com/v1/images/furniture/FtrEffectorrack_Remake_1_6
791,https://acnhapi.com/v1/images/furniture/FtrEffectorrack_Remake_1_7
792,https://acnhapi.com/v1/images/furniture/FtrEffectorrack_Remake_2_0
793,https://acnhapi.com/v1/images/furniture/FtrEffectorrack_Remake_2_1
794,https://acnhapi.com/v1/images/furniture/FtrEffectorrack_Remake_2_2
795,https://acnhapi.com/v1/images/furniture/FtrEffectorrack_Remake_2_3
796,https://acnhapi.com/v1/images/furniture/FtrEffectorrack_Remake_2_4
797,https://acnhapi.com/v1/images/furniture/FtrEffectorrack_Remake_2_5
798,https://acnhapi.com/v1/images/furniture/FtrEffectorrack_Remake_2_6
799,https://acnhapi.com/v1/images/furniture/FtrEffectorrack_Remake_2_7
800,https://acnhapi.com/v1/images/furniture/FtrEffectorrack_Remake_3_0
801,https://acnhapi.com/v1/images/furniture/FtrEffectorrack_Remake_3_1
802,https://acnhapi.com/v1/images/furniture/FtrEffectorrack_Remake_3_2
803,https://acnhapi.com/v1/images/furniture/FtrEffectorrack_Remake_3_3
804,https://acnhapi.com/v1/images/furniture/FtrEffectorrack_Remake_3_4
805,https://acnhapi.com/v1/images/furniture/FtrEffectorrack_Remake_3_5
806,https://acnhapi.com/v1/images/furniture/FtrEffectorrack_Remake_3_6
807,https://acnhapi.com/v1/images/furniture/FtrEffectorrack_Remake_3_7
808,https://acnhapi.com/v1/images/furniture/FtrEffectorrack_Remake_4_0
809,https://acnhapi.com/v1/images/furniture/FtrEffectorrack_Remake_4_1
810,https://acnhapi.com/v1/images/furniture/FtrEffectorrack_Remake_4_2
811,https://acnhapi.com/v1/images/furniture/FtrEffectorrack_Remake_4_3
812,https://acnhapi.com/v1/images/furniture/FtrEffectorrack_Remake_4_4
813,https://acnhapi.com/v1/images/furniture/FtrEffectorrack_Remake_4_5
814,https://acnhapi.com/v1/images/furniture/FtrEffectorrack_Remake_4_6
815,https://acnhapi.com/v1/images/furniture/FtrEffectorrack_Remake_4_7
816,https://acnhapi.com/v1/images/furniture/FtrEffectorrack_Remake_5_0
817,https://acnhapi.com/v1/images/furniture/FtrEffectorrack_Remake_5_1
818,https://acnhapi.com/v1/images/furniture/FtrEffectorrack_Remake_5_2
819,https://acnhapi.com/v1/images/furniture/FtrEffectorrack_Remake_5_3
820,https://acnhapi.com/v1/images/furniture/FtrEffectorrack_Remake_5_4
821,https://acnhapi.com/v1/images/furniture/FtrEffectorrack_Remake_5_5
822,https://acnhapi.com/v1/images/furniture/FtrEffectorrack_Remake_5_6
823,https://acnhapi.com/v1/images/furniture/FtrEffectorrack_Remake_5_7
824,https://acnhapi.com/v1/images/furniture/FtrKimonostandRich_Remake_0_0
825,https://acnhapi.com/v1/images/furniture/FtrKimonostandRich_Remake_1_0
826,https://acnhapi.com/v1/images/furniture/FtrKimonostandRich_Remake_2_0
827,https://acnhapi.com/v1/images/furniture/FtrKimonostandRich_Remake_3_0
828,https://acnhapi.com/v1/images/furniture/FtrKimonostandRich_Remake_4_0
829,https://acnhapi.com/v1/images/furniture/FtrElectricbass_Remake_0_0
830,https://acnhapi.com/v1/images/furniture/FtrElectricbass_Remake_1_0
831,https://acnhapi.com/v1/images/furniture/FtrElectricbass_Remake_2_0
832,https://acnhapi.com/v1/images/furniture/FtrElectricbass_Remake_3_0
833,https://acnhapi.com/v1/images/furniture/FtrElectricbass_Remake_4_0
834,https://acnhapi.com/v1/images/furniture/FtrElectricbass_Remake_5_0
835,https://acnhapi.com/v1/images/furniture/FtrElectricbass_Remake_6_0
836,https://acnhapi.com/v1/images/furniture/FtrElectricbass_Remake_7_0
837,https://acnhapi.com/v1/images/furniture/FtrElectricguitar2_Remake_0_0
838,https://acnhapi.com/v1/images/furniture/FtrElectricguitar2_Remake_0_1
839,https://acnhapi.com/v1/images/furniture/FtrElectricguitar2_Remake_0_2
840,https://acnhapi.com/v1/images/furniture/FtrElectricguitar2_Remake_0_3
841,https://acnhapi.com/v1/images/furniture/FtrElectricguitar2_Remake_0_4
842,https://acnhapi.com/v1/images/furniture/FtrElectricguitar2_Remake_0_5
843,https://acnhapi.com/v1/images/furniture/FtrElectricguitar2_Remake_0_6
844,https://acnhapi.com/v1/images/furniture/FtrElectricguitar2_Remake_0_7
845,https://acnhapi.com/v1/images/furniture/FtrElectricguitar2_Remake_1_0
846,https://acnhapi.com/v1/images/furniture/FtrElectricguitar2_Remake_1_1
847,https://acnhapi.com/v1/images/furniture/FtrElectricguitar2_Remake_1_2
848,https://acnhapi.com/v1/images/furniture/FtrElectricguitar2_Remake_1_3
849,https://acnhapi.com/v1/images/furniture/FtrElectricguitar2_Remake_1_4
850,https://acnhapi.com/v1/images/furniture/FtrElectricguitar2_Remake_1_5
851,https://acnhapi.com/v1/images/furniture/FtrElectricguitar2_Remake_1_6
852,https://acnhapi.com/v1/images/furniture/FtrElectricguitar2_Remake_1_7
853,https://acnhapi.com/v1/images/furniture/FtrElectricguitar2_Remake_2_0
854,https://acnhapi.com/v1/images/furniture/FtrElectricguitar2_Remake_2_1
855,https://acnhapi.com/v1/images/furniture/FtrElectricguitar2_Remake_2_2
856,https://acnhapi.com/v1/images/furniture/FtrElectricguitar2_Remake_2_3
857,https://acnhapi.com/v1/images/furniture/FtrElectricguitar2_Remake_2_4
858,https://acnhapi.com/v1/images/furniture/FtrElectricguitar2_Remake_2_5
859,https://acnhapi.com/v1/images/furniture/FtrElectricguitar2_Remake_2_6
860,https://acnhapi.com/v1/images/furniture/FtrElectricguitar2_Remake_2_7
861,https://acnhapi.com/v1/images/furniture/FtrElectricguitar2_Remake_3_0
862,https://acnhapi.com/v1/images/furniture/FtrElectricguitar2_Remake_3_1
863,https://acnhapi.com/v1/images/furniture/FtrElectricguitar2_Remake_3_2
864,https://acnhapi.com/v1/images/furniture/FtrElectricguitar2_Remake_3_3
865,https://acnhapi.com/v1/images/furniture/FtrElectricguitar2_Remake_3_4
866,https://acnhapi.com/v1/images/furniture/FtrElectricguitar2_Remake_3_5
867,https://acnhapi.com/v1/images/furniture/FtrElectricguitar2_Remake_3_6
868,https://acnhapi.com/v1/images/furniture/FtrElectricguitar2_Remake_3_7
869,https://acnhapi.com/v1/images/furniture/FtrElectricguitar2_Remake_4_0
870,https://acnhapi.com/v1/images/furniture/FtrElectricguitar2_Remake_4_1
871,https://acnhapi.com/v1/images/furniture/FtrElectricguitar2_Remake_4_2
872,https://acnhapi.com/v1/images/furniture/FtrElectricguitar2_Remake_4_3
873,https://acnhapi.com/v1/images/furniture/FtrElectricguitar2_Remake_4_4
874,https://acnhapi.com/v1/images/furniture/FtrElectricguitar2_Remake_4_5
875,https://acnhapi.com/v1/images/furniture/FtrElectricguitar2_Remake_4_6
876,https://acnhapi.com/v1/images/furniture/FtrElectricguitar2_Remake_4_7
877,https://acnhapi.com/v1/images/furniture/FtrElectricguitar2_Remake_5_0
878,https://acnhapi.com/v1/images/furniture/FtrElectricguitar2_Remake_5_1
879,https://acnhapi.com/v1/images/furniture/FtrElectricguitar2_Remake_5_2
880,https://acnhapi.com/v1/images/furniture/FtrElectricguitar2_Remake_5_3
881,https://acnhapi.com/v1/images/furniture/FtrElectricguitar2_Remake_5_4
882,https://acnhapi.com/v1/images/furniture/FtrElectricguitar2_Remake_5_5
883,https://acnhapi.com/v1/images/furniture/FtrElectricguitar2_Remake_5_6
884,https://acnhapi.com/v1/images/furniture/FtrElectricguitar2_Remake_5_7
885,https://acnhapi.com/v1/images/furniture/FtrElectricguitar2_Remake_6_0
886,https://acnhapi.com/v1/images/furniture/FtrElectricguitar2_Remake_6_1
887,https://acnhapi.com/v1/images/furniture/FtrElectricguitar2_Remake_6_2
888,https://acnhapi.com/v1/images/furniture/FtrElectricguitar2_Remake_6_3
889,https://acnhapi.com/v1/images/furniture/FtrElectricguitar2_Remake_6_4
890,https://acnhapi.com/v1/images/furniture/FtrElectricguitar2_Remake_6_5
891,https://acnhapi.com/v1/images/furniture/FtrElectricguitar2_Remake_6_6
892,https://acnhapi.com/v1/images/furniture/FtrElectricguitar2_Remake_6_7
893,https://acnhapi.com/v1/images/furniture/FtrKickboardElectric_Remake_0_0
894,https://acnhapi.com/v1/images/furniture/FtrKickboardElectric_Remake_1_0
895,https://acnhapi.com/v1/images/furniture/FtrKickboardElectric_Remake_2_0
896,https://acnhapi.com/v1/images/furniture/FtrKickboardElectric_Remake_3_0
897,https://acnhapi.com/v1/images/furniture/FtrKickboardElectric_Remake_4_0
898,https://acnhapi.com/v1/images/furniture/FtrKickboardElectric_Remake_5_0
899,https://acnhapi.com/v1/images/furniture/FtrSlideelephant_Remake_0_0
900,https://acnhapi.com/v1/images/furniture/FtrSlideelephant_Remake_1_0
901,https://acnhapi.com/v1/images/furniture/FtrSlideelephant_Remake_2_0
902,https://acnhapi.com/v1/images/furniture/FtrSlideelephant_Remake_3_0
903,https://acnhapi.com/v1/images/furniture/FtrSlideelephant_Remake_4_0
904,https://acnhapi.com/v1/images/furniture/FtrSlideelephant_Remake_5_0
905,https://acnhapi.com/v1/images/furniture/FtrSlideelephant_Remake_6_0
906,https://acnhapi.com/v1/images/furniture/FtrSlideelephant_Remake_7_0
907,https://acnhapi.com/v1/images/furniture/FtrBalanceball_Remake_0_0
908,https://acnhapi.com/v1/images/furniture/FtrBalanceball_Remake_1_0
909,https://acnhapi.com/v1/images/furniture/FtrBalanceball_Remake_2_0
910,https://acnhapi.com/v1/images/furniture/FtrBalanceball_Remake_3_0
911,https://acnhapi.com/v1/images/furniture/FtrBalanceball_Remake_4_0
912,https://acnhapi.com/v1/images/furniture/FtrExercisebike_Remake_0_0
913,https://acnhapi.com/v1/images/furniture/FtrExercisebike_Remake_1_0
914,https://acnhapi.com/v1/images/furniture/FtrExercisebike_Remake_2_0
915,https://acnhapi.com/v1/images/furniture/FtrExercisebike_Remake_3_0
916,https://acnhapi.com/v1/images/furniture/FtrFan_Remake_0_0
917,https://acnhapi.com/v1/images/furniture/FtrFan_Remake_1_0
918,https://acnhapi.com/v1/images/furniture/FtrFan_Remake_2_0
919,https://acnhapi.com/v1/images/furniture/FtrFan_Remake_3_0
920,https://acnhapi.com/v1/images/furniture/FtrPlantYamadoriyashi_Remake_0_0
921,https://acnhapi.com/v1/images/furniture/FtrPlantYamadoriyashi_Remake_1_0
922,https://acnhapi.com/v1/images/furniture/FtrPlantYamadoriyashi_Remake_2_0
923,https://acnhapi.com/v1/images/furniture/FtrPlantYamadoriyashi_Remake_3_0
924,https://acnhapi.com/v1/images/furniture/FtrPlantYamadoriyashi_Remake_4_0
925,https://acnhapi.com/v1/images/furniture/FtrPlantYamadoriyashi_Remake_5_0
926,https://acnhapi.com/v1/images/furniture/FtrCarnivalBalloon_Remake_0_0
927,https://acnhapi.com/v1/images/furniture/FtrCarnivalBalloon_Remake_1_0
928,https://acnhapi.com/v1/images/furniture/FtrCarnivalBalloon_Remake_2_0
929,https://acnhapi.com/v1/images/furniture/FtrCarnivalBalloon_Remake_3_0
930,https://acnhapi.com/v1/images/furniture/FtrCarnivalBalloon_Remake_4_0
931,https://acnhapi.com/v1/images/furniture/FtrCarnivalSurdo_Remake_0_0
932,https://acnhapi.com/v1/images/furniture/FtrCarnivalSurdo_Remake_1_0
933,https://acnhapi.com/v1/images/furniture/FtrCarnivalSurdo_Remake_2_0
934,https://acnhapi.com/v1/images/furniture/FtrCarnivalSurdo_Remake_3_0
935,https://acnhapi.com/v1/images/furniture/FtrCarnivalSurdo_Remake_4_0
936,https://acnhapi.com/v1/images/furniture/FtrCarnivalFlag_Remake_0_0
937,https://acnhapi.com/v1/images/furniture/FtrCarnivalFlag_Remake_1_0
938,https://acnhapi.com/v1/images/furniture/FtrCarnivalFlag_Remake_2_0
939,https://acnhapi.com/v1/images/furniture/FtrCarnivalFlag_Remake_3_0
940,https://acnhapi.com/v1/images/furniture/FtrCarnivalFlag_Remake_4_0
941,https://acnhapi.com/v1/images/furniture/FtrCarnivalFloat
942,https://acnhapi.com/v1/images/furniture/FtrCarnivalDecoration_Remake_0_0
943,https://acnhapi.com/v1/images/furniture/FtrCarnivalDecoration_Remake_1_0
944,https://acnhapi.com/v1/images/furniture/FtrCarnivalDecoration_Remake_2_0
945,https://acnhapi.com/v1/images/furniture/FtrCarnivalDecoration_Remake_3_0
946,https://acnhapi.com/v1/images/furniture/FtrCarnivalDecoration_Remake_4_0
947,https://acnhapi.com/v1/images/furniture/FtrCarnivalParasol_Remake_0_0
948,https://acnhapi.com/v1/images/furniture/FtrCarnivalParasol_Remake_1_0
949,https://acnhapi.com/v1/images/furniture/FtrCarnivalParasol_Remake_2_0
950,https://acnhapi.com/v1/images/furniture/FtrCarnivalParasol_Remake_3_0
951,https://acnhapi.com/v1/images/furniture/FtrCarnivalParasol_Remake_4_0
952,https://acnhapi.com/v1/images/furniture/FtrCarnivalStage_Remake_0_0
953,https://acnhapi.com/v1/images/furniture/FtrCarnivalStage_Remake_1_0
954,https://acnhapi.com/v1/images/furniture/FtrCarnivalStage_Remake_2_0
955,https://acnhapi.com/v1/images/furniture/FtrCarnivalStage_Remake_3_0
956,https://acnhapi.com/v1/images/furniture/FtrCarnivalStage_Remake_4_0
957,https://acnhapi.com/v1/images/furniture/FtrCarnivalStall_Remake_0_0
958,https://acnhapi.com/v1/images/furniture/FtrCarnivalStall_Remake_1_0
959,https://acnhapi.com/v1/images/furniture/FtrCarnivalStall_Remake_2_0
960,https://acnhapi.com/v1/images/furniture/FtrCarnivalStall_Remake_3_0
961,https://acnhapi.com/v1/images/furniture/FtrCarnivalStall_Remake_4_0
962,https://acnhapi.com/v1/images/furniture/FtrTreeXmasS_Remake_0_0
963,https://acnhapi.com/v1/images/furniture/FtrTreeXmasS_Remake_1_0
964,https://acnhapi.com/v1/images/furniture/FtrTreeXmasS_Remake_2_0
965,https://acnhapi.com/v1/images/furniture/FtrTreeXmasS_Remake_3_0
966,https://acnhapi.com/v1/images/furniture/FtrTreeXmasS_Remake_4_0
967,https://acnhapi.com/v1/images/furniture/FtrTreeXmasS_Remake_5_0
968,https://acnhapi.com/v1/images/furniture/FtrFirepit
969,https://acnhapi.com/v1/images/furniture/FtrFireplace_Remake_0_0
970,https://acnhapi.com/v1/images/furniture/FtrFireplace_Remake_1_0
971,https://acnhapi.com/v1/images/furniture/FtrFireplace_Remake_2_0
972,https://acnhapi.com/v1/images/furniture/FtrFireplace_Remake_3_0
973,https://acnhapi.com/v1/images/furniture/FtrDriedfish_Remake_0_0
974,https://acnhapi.com/v1/images/furniture/FtrDriedfish_Remake_1_0
975,https://acnhapi.com/v1/images/furniture/FtrDriedfish_Remake_2_0
976,https://acnhapi.com/v1/images/furniture/FtrRodstand_Remake_0_0
977,https://acnhapi.com/v1/images/furniture/FtrRodstand_Remake_1_0
978,https://acnhapi.com/v1/images/furniture/FtrRodstand_Remake_2_0
979,https://acnhapi.com/v1/images/furniture/FtrWreath_Remake_0_0
980,https://acnhapi.com/v1/images/furniture/FtrWreath_Remake_1_0
981,https://acnhapi.com/v1/images/furniture/FtrWreath_Remake_2_0
982,https://acnhapi.com/v1/images/furniture/FtrGardenrockLow
983,https://acnhapi.com/v1/images/furniture/FtrLamp_Remake_0_0
984,https://acnhapi.com/v1/images/furniture/FtrLamp_Remake_0_1
985,https://acnhapi.com/v1/images/furniture/FtrLamp_Remake_0_2
986,https://acnhapi.com/v1/images/furniture/FtrLamp_Remake_0_3
987,https://acnhapi.com/v1/images/furniture/FtrLamp_Remake_0_4
988,https://acnhapi.com/v1/images/furniture/FtrLamp_Remake_0_5
989,https://acnhapi.com/v1/images/furniture/FtrLamp_Remake_0_6
990,https://acnhapi.com/v1/images/furniture/FtrLamp_Remake_0_7
991,https://acnhapi.com/v1/images/furniture/FtrLamp_Remake_1_0
992,https://acnhapi.com/v1/images/furniture/FtrLamp_Remake_1_1
993,https://acnhapi.com/v1/images/furniture/FtrLamp_Remake_1_2
994,https://acnhapi.com/v1/images/furniture/FtrLamp_Remake_1_3
995,https://acnhapi.com/v1/images/furniture/FtrLamp_Remake_1_4
996,https://acnhapi.com/v1/images/furniture/FtrLamp_Remake_1_5
997,https://acnhapi.com/v1/images/furniture/FtrLamp_Remake_1_6
998,https://acnhapi.com/v1/images/furniture/FtrLamp_Remake_1_7
999,https://acnhapi.com/v1/images/furniture/FtrLamp_Remake_2_0
1000,https://acnhapi.com/v1/images/furniture/FtrLamp_Remake_2_1
1001,https://acnhapi.com/v1/images/furniture/FtrLamp_Remake_2_2
1002,https://acnhapi.com/v1/images/furniture/FtrLamp_Remake_2_3
1003,https://acnhapi.com/v1/images/furniture/FtrLamp_Remake_2_4
1004,https://acnhapi.com/v1/images/furniture/FtrLamp_Remake_2_5
1005,https://acnhapi.com/v1/images/furniture/FtrLamp_Remake_2_6
1006,https://acnhapi.com/v1/images/furniture/FtrLamp_Remake_2_7
1007,https://acnhapi.com/v1/images/furniture/FtrLamp_Remake_3_0
1008,https://acnhapi.com/v1/images/furniture/FtrLamp_Remake_3_1
1009,https://acnhapi.com/v1/images/furniture/FtrLamp_Remake_3_2
1010,https://acnhapi.com/v1/images/furniture/FtrLamp_Remake_3_3
1011,https://acnhapi.com/v1/images/furniture/FtrLamp_Remake_3_4
1012,https://acnhapi.com/v1/images/furniture/FtrLamp_Remake_3_5
1013,https://acnhapi.com/v1/images/furniture/FtrLamp_Remake_3_6
1014,https://acnhapi.com/v1/images/furniture/FtrLamp_Remake_3_7
1015,https://acnhapi.com/v1/images/furniture/FtrGrandlight_Remake_0_0
1016,https://acnhapi.com/v1/images/furniture/FtrGrandlight_Remake_1_0
1017,https://acnhapi.com/v1/images/furniture/FtrGrandlight_Remake_2_0
1018,https://acnhapi.com/v1/images/furniture/FtrGrandlight_Remake_3_0
1019,https://acnhapi.com/v1/images/furniture/FtrGrandlight_Remake_4_0
1020,https://acnhapi.com/v1/images/furniture/FtrGrandlight_Remake_5_0
1021,https://acnhapi.com/v1/images/furniture/FtrGrandlight_Remake_6_0
1022,https://acnhapi.com/v1/images/furniture/FtrGrandlight_Remake_7_0
1023,https://acnhapi.com/v1/images/furniture/FtrFloorchair_Remake_0_0
1024,https://acnhapi.com/v1/images/furniture/FtrFloorchair_Remake_0_1
1025,https://acnhapi.com/v1/images/furniture/FtrFloorchair_Remake_0_2
1026,https://acnhapi.com/v1/images/furniture/FtrFloorchair_Remake_0_3
1027,https://acnhapi.com/v1/images/furniture/FtrFloorchair_Remake_1_0
1028,https://acnhapi.com/v1/images/furniture/FtrFloorchair_Remake_1_1
1029,https://acnhapi.com/v1/images/furniture/FtrFloorchair_Remake_1_2
1030,https://acnhapi.com/v1/images/furniture/FtrFloorchair_Remake_1_3
1031,https://acnhapi.com/v1/images/furniture/FtrFloorchair_Remake_2_0
1032,https://acnhapi.com/v1/images/furniture/FtrFloorchair_Remake_2_1
1033,https://acnhapi.com/v1/images/furniture/FtrFloorchair_Remake_2_2
1034,https://acnhapi.com/v1/images/furniture/FtrFloorchair_Remake_2_3
1035,https://acnhapi.com/v1/images/furniture/FtrFloorchair_Remake_3_0
1036,https://acnhapi.com/v1/images/furniture/FtrFloorchair_Remake_3_1
1037,https://acnhapi.com/v1/images/furniture/FtrFloorchair_Remake_3_2
1038,https://acnhapi.com/v1/images/furniture/FtrFloorchair_Remake_3_3
1039,https://acnhapi.com/v1/images/furniture/FtrStandflower_Remake_0_0
1040,https://acnhapi.com/v1/images/furniture/FtrStandflower_Remake_1_0
1041,https://acnhapi.com/v1/images/furniture/FtrStandflower_Remake_2_0
1042,https://acnhapi.com/v1/images/furniture/FtrStandflower_Remake_3_0
1043,https://acnhapi.com/v1/images/furniture/FtrStandflower_Remake_4_0
1044,https://acnhapi.com/v1/images/furniture/FtrStandflower_Remake_5_0
1045,https://acnhapi.com/v1/images/furniture/FtrStandflower_Remake_6_0
1046,https://acnhapi.com/v1/images/furniture/FtrUFO
1047,https://acnhapi.com/v1/images/furniture/FtrPipechair_Remake_0_0
1048,https://acnhapi.com/v1/images/furniture/FtrPipechair_Remake_1_0
1049,https://acnhapi.com/v1/images/furniture/FtrPipechair_Remake_2_0
1050,https://acnhapi.com/v1/images/furniture/FtrPipechair_Remake_3_0
1051,https://acnhapi.com/v1/images/furniture/FtrPipechair_Remake_4_0
1052,https://acnhapi.com/v1/images/furniture/FtrPipechair_Remake_5_0
1053,https://acnhapi.com/v1/images/furniture/FtrLampArm_Remake_0_0
1054,https://acnhapi.com/v1/images/furniture/FtrLampArm_Remake_1_0
1055,https://acnhapi.com/v1/images/furniture/FtrLampArm_Remake_2_0
1056,https://acnhapi.com/v1/images/furniture/FtrLampArm_Remake_3_0
1057,https://acnhapi.com/v1/images/furniture/FtrLampArm_Remake_4_0
1058,https://acnhapi.com/v1/images/furniture/FtrLampArm_Remake_5_0
1059,https://acnhapi.com/v1/images/furniture/FtrLampArm_Remake_6_0
1060,https://acnhapi.com/v1/images/furniture/FtrLampArm_Remake_7_0
1061,https://acnhapi.com/v1/images/furniture/FtrTablesoccer_Remake_0_0
1062,https://acnhapi.com/v1/images/furniture/FtrTablesoccer_Remake_1_0
1063,https://acnhapi.com/v1/images/furniture/FtrTablesoccer_Remake_2_0
1064,https://acnhapi.com/v1/images/furniture/FtrCompassFortuneshop
1065,https://acnhapi.com/v1/images/furniture/FtrFountain_Remake_0_0
1066,https://acnhapi.com/v1/images/furniture/FtrFountain_Remake_1_0
1067,https://acnhapi.com/v1/images/furniture/FtrFountain_Remake_2_0
1068,https://acnhapi.com/v1/images/furniture/FtrFountain_Remake_3_0
1069,https://acnhapi.com/v1/images/furniture/FtrFreezer_Remake_0_0
1070,https://acnhapi.com/v1/images/furniture/FtrFreezer_Remake_1_0
1071,https://acnhapi.com/v1/images/furniture/FtrFreezer_Remake_2_0
1072,https://acnhapi.com/v1/images/furniture/FtrFreezer_Remake_3_0
1073,https://acnhapi.com/v1/images/furniture/FtrEventobjFishBox
1074,https://acnhapi.com/v1/images/furniture/FtrIceGate_Remake_0_0
1075,https://acnhapi.com/v1/images/furniture/FtrIceGate_Remake_1_0
1076,https://acnhapi.com/v1/images/furniture/FtrIceGate_Remake_2_0
1077,https://acnhapi.com/v1/images/furniture/FtrIceGate_Remake_3_0
1078,https://acnhapi.com/v1/images/furniture/FtrIceGate_Remake_4_0
1079,https://acnhapi.com/v1/images/furniture/FtrIceGate_Remake_5_0
1080,https://acnhapi.com/v1/images/furniture/FtrIceGate_Remake_6_0
1081,https://acnhapi.com/v1/images/furniture/FtrIceBedW_Remake_0_0
1082,https://acnhapi.com/v1/images/furniture/FtrIceBedW_Remake_0_1
1083,https://acnhapi.com/v1/images/furniture/FtrIceBedW_Remake_0_2
1084,https://acnhapi.com/v1/images/furniture/FtrIceBedW_Remake_0_3
1085,https://acnhapi.com/v1/images/furniture/FtrIceBedW_Remake_1_0
1086,https://acnhapi.com/v1/images/furniture/FtrIceBedW_Remake_1_1
1087,https://acnhapi.com/v1/images/furniture/FtrIceBedW_Remake_1_2
1088,https://acnhapi.com/v1/images/furniture/FtrIceBedW_Remake_1_3
1089,https://acnhapi.com/v1/images/furniture/FtrIceBedW_Remake_2_0
1090,https://acnhapi.com/v1/images/furniture/FtrIceBedW_Remake_2_1
1091,https://acnhapi.com/v1/images/furniture/FtrIceBedW_Remake_2_2
1092,https://acnhapi.com/v1/images/furniture/FtrIceBedW_Remake_2_3
1093,https://acnhapi.com/v1/images/furniture/FtrIceBedW_Remake_3_0
1094,https://acnhapi.com/v1/images/furniture/FtrIceBedW_Remake_3_1
1095,https://acnhapi.com/v1/images/furniture/FtrIceBedW_Remake_3_2
1096,https://acnhapi.com/v1/images/furniture/FtrIceBedW_Remake_3_3
1097,https://acnhapi.com/v1/images/furniture/FtrIceBedW_Remake_4_0
1098,https://acnhapi.com/v1/images/furniture/FtrIceBedW_Remake_4_1
1099,https://acnhapi.com/v1/images/furniture/FtrIceBedW_Remake_4_2
1100,https://acnhapi.com/v1/images/furniture/FtrIceBedW_Remake_4_3
1101,https://acnhapi.com/v1/images/furniture/FtrIceBedW_Remake_5_0
1102,https://acnhapi.com/v1/images/furniture/FtrIceBedW_Remake_5_1
1103,https://acnhapi.com/v1/images/furniture/FtrIceBedW_Remake_5_2
1104,https://acnhapi.com/v1/images/furniture/FtrIceBedW_Remake_5_3
1105,https://acnhapi.com/v1/images/furniture/FtrIceBedW_Remake_6_0
1106,https://acnhapi.com/v1/images/furniture/FtrIceBedW_Remake_6_1
1107,https://acnhapi.com/v1/images/furniture/FtrIceBedW_Remake_6_2
1108,https://acnhapi.com/v1/images/furniture/FtrIceBedW_Remake_6_3
1109,https://acnhapi.com/v1/images/furniture/FtrIceChairS_Remake_0_0
1110,https://acnhapi.com/v1/images/furniture/FtrIceChairS_Remake_1_0
1111,https://acnhapi.com/v1/images/furniture/FtrIceChairS_Remake_2_0
1112,https://acnhapi.com/v1/images/furniture/FtrIceChairS_Remake_3_0
1113,https://acnhapi.com/v1/images/furniture/FtrIceChairS_Remake_4_0
1114,https://acnhapi.com/v1/images/furniture/FtrIceChairS_Remake_5_0
1115,https://acnhapi.com/v1/images/furniture/FtrIceChairS_Remake_6_0
1116,https://acnhapi.com/v1/images/furniture/FtrIceCounter_Remake_0_0
1117,https://acnhapi.com/v1/images/furniture/FtrIceCounter_Remake_1_0
1118,https://acnhapi.com/v1/images/furniture/FtrIceCounter_Remake_2_0
1119,https://acnhapi.com/v1/images/furniture/FtrIceCounter_Remake_3_0
1120,https://acnhapi.com/v1/images/furniture/FtrIceCounter_Remake_4_0
1121,https://acnhapi.com/v1/images/furniture/FtrIceCounter_Remake_5_0
1122,https://acnhapi.com/v1/images/furniture/FtrIceCounter_Remake_6_0
1123,https://acnhapi.com/v1/images/furniture/FtrIceScreen_Remake_0_0
1124,https://acnhapi.com/v1/images/furniture/FtrIceScreen_Remake_1_0
1125,https://acnhapi.com/v1/images/furniture/FtrIceScreen_Remake_2_0
1126,https://acnhapi.com/v1/images/furniture/FtrIceScreen_Remake_3_0
1127,https://acnhapi.com/v1/images/furniture/FtrIceScreen_Remake_4_0
1128,https://acnhapi.com/v1/images/furniture/FtrIceScreen_Remake_5_0
1129,https://acnhapi.com/v1/images/furniture/FtrIceScreen_Remake_6_0
1130,https://acnhapi.com/v1/images/furniture/FtrIcePillar_Remake_0_0
1131,https://acnhapi.com/v1/images/furniture/FtrIcePillar_Remake_1_0
1132,https://acnhapi.com/v1/images/furniture/FtrIcePillar_Remake_2_0
1133,https://acnhapi.com/v1/images/furniture/FtrIcePillar_Remake_3_0
1134,https://acnhapi.com/v1/images/furniture/FtrIcePillar_Remake_4_0
1135,https://acnhapi.com/v1/images/furniture/FtrIcePillar_Remake_5_0
1136,https://acnhapi.com/v1/images/furniture/FtrIcePillar_Remake_6_0
1137,https://acnhapi.com/v1/images/furniture/FtrIceArt_Remake_0_0
1138,https://acnhapi.com/v1/images/furniture/FtrIceArt_Remake_1_0
1139,https://acnhapi.com/v1/images/furniture/FtrIceArt_Remake_2_0
1140,https://acnhapi.com/v1/images/furniture/FtrIceArt_Remake_3_0
1141,https://acnhapi.com/v1/images/furniture/FtrIceArt_Remake_4_0
